customer_index,y_true,predicted_probability,y_pred
2,0,0.077290714,0
9,0,0.17068794,0
11,0,0.12734205,0
12,0,0.11040653,0
21,0,0.10882822,0
28,0,0.07109105,0
37,0,0.10155227,0
39,0,0.14824429,0
65,0,0.09897523,0
67,0,0.21712719,0
71,0,0.07125741,0
73,0,0.087653525,0
74,0,0.14549924,0
81,0,0.13856682,0
82,0,0.17376828,0
83,1,0.12979785,0
96,0,0.09498526,0
107,0,0.08190338,0
111,0,0.13950436,0
115,0,0.10941155,0
128,0,0.122870184,0
129,1,0.08813274,0
130,0,0.11287653,0
136,0,0.15725176,0
145,0,0.080626555,0
149,0,0.09022884,0
152,0,0.06362905,0
157,0,0.2717079,0
159,0,0.12606502,0
165,0,0.12643982,0
179,0,0.067832895,0
183,0,0.12372711,0
184,0,0.06999561,0
208,0,0.06589613,0
211,0,0.07558849,0
212,0,0.11394072,0
214,0,0.086792365,0
220,0,0.08507614,0
234,0,0.09644677,0
237,0,0.09538295,0
238,0,0.1707885,0
239,0,0.14897305,0
243,0,0.12285627,0
245,0,0.09063194,0
249,0,0.084324196,0
251,0,0.09133318,0
258,0,0.06459308,0
261,0,0.11320942,0
263,0,0.18527257,0
276,0,0.116118416,0
277,0,0.06729401,0
282,0,0.13239132,0
302,0,0.08113784,0
308,0,0.10029254,0
313,0,0.10100884,0
325,0,0.15593438,0
330,0,0.0870463,0
334,0,0.06644765,0
342,0,0.1206309,0
344,0,0.068228625,0
346,0,0.105973445,0
356,0,0.17787051,0
358,0,0.11122834,0
364,0,0.117240496,0
370,0,0.08361325,0
371,0,0.07677129,0
378,0,0.0740028,0
381,0,0.06100072,0
392,0,0.21126479,0
399,0,0.09484583,0
408,0,0.13076673,0
414,0,0.10000012,0
420,0,0.15333161,0
422,0,0.16811424,0
427,0,0.11926101,0
440,0,0.059241205,0
451,0,0.08231271,0
453,0,0.059907764,0
455,0,0.10754384,0
473,0,0.14212514,0
499,0,0.15580039,0
500,0,0.06319627,0
503,0,0.13642411,0
506,0,0.25389385,0
507,0,0.18434604,0
512,1,0.13992666,0
531,0,0.046481725,0
536,0,0.11826354,0
542,0,0.101221286,0
546,0,0.07927816,0
549,0,0.07765187,0
551,0,0.08820364,0
553,0,0.07092776,0
557,0,0.25098318,0
567,0,0.07453754,0
573,0,0.10969124,0
578,0,0.08924575,0
582,0,0.22679046,0
596,0,0.0931143,0
600,0,0.12675048,0
604,0,0.09793031,0
610,0,0.26229903,0
611,0,0.23762368,0
616,0,0.15472998,0
629,0,0.1097115,0
641,0,0.11096242,0
668,0,0.06348724,0
675,0,0.07394946,0
677,0,0.124311656,0
681,0,0.14633726,0
685,0,0.07275484,0
707,0,0.19023556,0
714,0,0.09504106,0
721,0,0.08645032,0
727,0,0.08330185,0
734,0,0.08622039,0
741,0,0.08100793,0
742,0,0.10316415,0
743,0,0.0629584,0
776,0,0.12553045,0
780,0,0.09425842,0
783,0,0.17224038,0
785,0,0.20379058,0
793,0,0.20343766,0
800,0,0.13747235,0
801,0,0.16945615,0
802,0,0.08981904,0
813,0,0.25385445,0
814,0,0.0835194,0
829,0,0.14302932,0
851,0,0.25226468,0
856,0,0.13186572,0
861,0,0.09260937,0
862,0,0.07349042,0
867,0,0.22401358,0
870,0,0.1920502,0
875,0,0.3036721,0
881,0,0.13182296,0
882,0,0.043765996,0
886,0,0.075281,0
887,0,0.13157022,0
892,0,0.080266885,0
901,0,0.09801824,0
906,0,0.16607814,0
908,0,0.07367399,0
918,0,0.047837753,0
920,0,0.024189673,0
929,0,0.08279593,0
935,0,0.10510626,0
943,0,0.15119095,0
948,0,0.103768006,0
973,0,0.09519258,0
975,0,0.14118783,0
976,0,0.06271612,0
994,0,0.13648313,0
1009,0,0.061561555,0
1020,0,0.1130265,0
1023,0,0.14578232,0
1026,0,0.10699563,0
1033,0,0.11737217,0
1035,0,0.20191899,0
1037,0,0.23425025,0
1038,0,0.12931168,0
1040,0,0.1005191,0
1074,0,0.1046901,0
1081,0,0.21996394,0
1090,0,0.07938917,0
1101,0,0.13903607,0
1108,0,0.19229276,0
1109,0,0.14610454,0
1115,0,0.12375594,0
1124,1,0.070583895,0
1136,0,0.11792984,0
1142,0,0.13093413,0
1147,0,0.13711894,0
1151,0,0.15687175,0
1154,0,0.15255979,0
1159,0,0.18116571,0
1163,0,0.13949884,0
1164,0,0.11379514,0
1174,0,0.13997965,0
1179,0,0.14060687,0
1183,0,0.11356433,0
1184,0,0.09424954,0
1185,0,0.07741449,0
1191,0,0.1276796,0
1192,0,0.1190874,0
1195,0,0.17278618,0
1196,0,0.14613353,0
1197,0,0.04949657,0
1210,0,0.2710635,0
1215,0,0.10474019,0
1217,0,0.15480813,0
1219,0,0.21853954,0
1221,0,0.22202477,0
1226,0,0.051233463,0
1233,0,0.11848196,0
1235,0,0.19626568,0
1240,0,0.25408173,0
1272,0,0.27611896,0
1277,0,0.118044704,0
1280,0,0.2017028,0
1290,0,0.23071492,0
1293,0,0.113418765,0
1295,0,0.1063188,0
1297,0,0.08965086,0
1301,0,0.12508583,0
1311,0,0.19313942,0
1312,0,0.17067383,0
1327,0,0.09152842,0
1334,0,0.110235214,0
1335,0,0.2516961,0
1337,0,0.19534835,0
1342,0,0.18559763,0
1345,0,0.09113428,0
1369,0,0.09509082,0
1370,1,0.20420863,0
1371,0,0.10513097,0
1375,0,0.26588267,0
1384,0,0.21156606,0
1390,0,0.13365212,0
1394,0,0.16289821,0
1398,0,0.12421658,0
1413,0,0.27311283,0
1433,0,0.17961064,0
1439,0,0.11682803,0
1447,0,0.12608756,0
1453,0,0.10456877,0
1457,0,0.07915628,0
1464,0,0.10517333,0
1478,0,0.17328423,0
1479,0,0.108183205,0
1480,0,0.16264327,0
1482,0,0.17895196,0
1495,0,0.10866652,0
1496,0,0.23880145,0
1499,0,0.09132869,0
1501,0,0.11117381,0
1506,0,0.08106399,0
1513,0,0.07647616,0
1528,0,0.12688947,0
1529,0,0.22905535,0
1543,0,0.09710975,0
1553,0,0.19311526,0
1565,0,0.122318834,0
1571,0,0.13733509,0
1575,0,0.147011,0
1577,0,0.09037017,0
1579,0,0.14388713,0
1585,0,0.14372651,0
1586,0,0.15970567,0
1593,0,0.13845791,0
1598,0,0.08064939,0
1607,0,0.17389247,0
1611,0,0.111389644,0
1612,0,0.14473009,0
1616,0,0.21600318,0
1619,0,0.19944194,0
1621,0,0.1482024,0
1623,0,0.18616802,0
1625,0,0.13328303,0
1631,0,0.22157271,0
1634,0,0.17694034,0
1643,0,0.16241416,0
1655,0,0.31367293,0
1658,0,0.053897087,0
1662,0,0.20195648,0
1663,0,0.06788743,0
1665,0,0.13467255,0
1673,0,0.13038622,0
1683,0,0.0930235,0
1690,0,0.24762422,0
1697,0,0.2537126,0
1698,0,0.1414912,0
1707,0,0.14479437,0
1709,0,0.17000103,0
1714,0,0.104408376,0
1717,0,0.22715631,0
1725,0,0.29068378,0
1729,0,0.13272977,0
1740,0,0.23778439,0
1764,0,0.2518353,0
1766,0,0.20145886,0
1768,0,0.09931599,0
1783,0,0.14113706,0
1791,0,0.10898033,0
1793,0,0.121896744,0
1797,0,0.16061036,0
1798,0,0.10290023,0
1799,0,0.136413,0
1801,0,0.16023535,0
1820,0,0.108186975,0
1822,0,0.1453772,0
1828,0,0.24096432,0
1842,0,0.18271609,0
1851,0,0.20414405,0
1856,0,0.12706137,0
1858,0,0.09832513,0
1859,0,0.1620919,0
1861,0,0.14170477,0
1866,0,0.19491981,0
1869,0,0.12461602,0
1874,0,0.2681288,0
1877,0,0.13359937,0
1889,0,0.19994813,0
1891,0,0.075649254,0
1894,0,0.11439373,0
1895,0,0.22604169,0
1900,0,0.11700864,0
1901,0,0.23099512,0
1907,0,0.17801796,0
1921,0,0.22795503,0
1927,0,0.21307907,0
1929,0,0.103491485,0
1954,0,0.10334583,0
1955,0,0.26377466,0
1960,0,0.14941254,0
1963,0,0.124169394,0
1965,0,0.19018018,0
1966,0,0.15325496,0
1978,0,0.1333921,0
1995,0,0.13693672,0
1997,0,0.25474942,0
2004,0,0.11104449,0
2006,0,0.120348886,0
2007,0,0.14297876,0
2015,0,0.14674032,0
2016,0,0.07860699,0
2017,0,0.151632,0
2033,0,0.1844296,0
2036,0,0.106562756,0
2053,1,0.120550506,0
2060,0,0.055082113,0
2062,0,0.28676102,0
2069,0,0.20153733,0
2070,0,0.13339399,0
2074,0,0.13104711,0
2079,0,0.13779198,0
2089,0,0.10718163,0
2096,1,0.13125896,0
2097,0,0.1908293,0
2110,0,0.28483692,0
2120,0,0.15338062,0
2121,0,0.13682014,0
2128,0,0.1748455,0
2131,0,0.20596611,0
2140,0,0.1104674,0
2141,0,0.100497186,0
2144,0,0.19011907,0
2150,0,0.31081977,0
2153,0,0.13620274,0
2155,0,0.26499295,0
2156,0,0.074054934,0
2158,0,0.18076481,0
2161,0,0.14392094,0
2162,0,0.18846215,0
2171,0,0.40510464,0
2173,0,0.17241958,0
2217,0,0.13181283,0
2218,0,0.13911612,0
2220,0,0.1821083,0
2224,0,0.12073721,0
2227,0,0.08527686,0
2228,0,0.12699385,0
2235,0,0.110870495,0
2240,0,0.301081,0
2244,0,0.07456765,0
2272,0,0.103173085,0
2278,0,0.080394,0
2287,0,0.2862437,0
2291,0,0.12934987,0
2299,0,0.116669916,0
2301,0,0.20091963,0
2305,0,0.32870212,0
2308,0,0.1116269,0
2309,0,0.12637466,0
2316,0,0.13250564,0
2332,0,0.27792364,0
2336,0,0.12615177,0
2338,0,0.29324508,0
2377,1,0.09571876,0
2378,0,0.23273778,0
2393,0,0.19253798,0
2400,0,0.19893645,0
2404,1,0.30455923,0
2406,0,0.0828883,0
2407,0,0.16318774,0
2419,0,0.117631316,0
2424,0,0.29322237,0
2443,0,0.151763,0
2450,0,0.14932804,0
2451,0,0.0890715,0
2453,0,0.10246216,0
2454,0,0.15247169,0
2455,0,0.1805328,0
2463,0,0.05785287,0
2467,0,0.12676995,0
2473,0,0.095263846,0
2486,1,0.18281992,0
2507,1,0.186042,0
2513,0,0.19118096,0
2520,0,0.093738854,0
2529,0,0.24421626,0
2542,0,0.10617468,0
2547,0,0.16869503,0
2549,0,0.3380678,0
2565,0,0.41441825,0
2572,0,0.2592869,0
2574,0,0.1962552,0
2575,0,0.12981848,0
2581,0,0.18626915,0
2613,0,0.13988051,0
2618,0,0.08096596,0
2628,0,0.21234591,0
2634,0,0.09094579,0
2641,0,0.122590944,0
2642,0,0.12390485,0
2652,0,0.110753275,0
2659,0,0.17212628,0
2662,0,0.14958964,0
2672,0,0.08399692,0
2673,0,0.19030057,0
2674,0,0.4431484,0
2680,0,0.1295222,0
2704,0,0.2609738,0
2705,0,0.11772454,0
2708,0,0.10979595,0
2711,0,0.154359,0
2713,0,0.21046539,0
2714,0,0.12725466,0
2717,0,0.101716444,0
2720,1,0.20852913,0
2727,0,0.029674182,0
2734,0,0.22384797,0
2735,0,0.09425304,0
2749,0,0.31704372,0
2750,0,0.07406331,0
2754,0,0.24458548,0
2755,0,0.1782224,0
2759,0,0.12726787,0
2760,0,0.17780523,0
2783,0,0.12505513,0
2788,0,0.13574475,0
2789,0,0.16189934,0
2795,0,0.15743653,0
2805,0,0.20788296,0
2806,0,0.40976283,0
2812,0,0.11182967,0
2814,0,0.1478755,0
2824,0,0.11221242,0
2832,0,0.12299172,0
2842,0,0.15943253,0
2845,1,0.09907184,0
2846,0,0.11838241,0
2856,0,0.17887144,0
2863,0,0.3069875,0
2872,0,0.15087107,0
2873,0,0.13503864,0
2883,0,0.106184565,0
2895,0,0.13891266,0
2896,0,0.1681197,0
2905,0,0.108962566,0
2907,0,0.26983586,0
2915,0,0.20434742,0
2919,0,0.37257865,0
2926,0,0.09205233,0
2929,1,0.11752757,0
2944,0,0.17240067,0
2956,0,0.28558406,0
2964,0,0.15791124,0
2978,0,0.26714563,0
2991,0,0.12541153,0
2997,0,0.14005168,0
2999,0,0.13000855,0
3004,1,0.14350756,0
3011,0,0.11722702,0
3014,0,0.106676236,0
3019,0,0.20774302,0
3029,0,0.24912854,0
3039,0,0.15004168,0
3050,0,0.10340941,0
3063,0,0.30902648,0
3084,0,0.12904999,0
3087,0,0.17046247,0
3088,0,0.1956417,0
3100,0,0.1581786,0
3104,0,0.14767788,0
3108,0,0.12839665,0
3111,0,0.26961213,0
3118,0,0.050678447,0
3119,0,0.12275037,0
3122,0,0.15113716,0
3124,0,0.18439256,0
3129,0,0.15175569,0
3130,0,0.10376415,0
3143,0,0.086643234,0
3145,1,0.28412652,0
3150,0,0.14473417,0
3163,0,0.071563154,0
3171,0,0.11381226,0
3172,0,0.099388,0
3173,0,0.17438915,0
3195,0,0.1101083,0
3198,0,0.17850347,0
3199,0,0.2793777,0
3202,0,0.07878192,0
3211,0,0.25013742,0
3215,0,0.17243016,0
3219,0,0.060021892,0
3227,0,0.12866214,0
3229,0,0.14286342,0
3232,0,0.34373453,0
3236,0,0.13301483,0
3241,0,0.121942356,0
3247,0,0.16378465,0
3250,0,0.230348,0
3253,0,0.13335128,0
3257,0,0.43936044,0
3261,0,0.2724245,0
3265,0,0.37031823,0
3269,0,0.10133668,0
3273,0,0.3417289,0
3279,0,0.20735501,0
3294,1,0.13519597,0
3299,0,0.18623704,0
3301,0,0.16596125,0
3303,0,0.20016249,0
3309,0,0.16606332,0
3310,0,0.13739228,0
3312,0,0.20597307,0
3318,0,0.28444892,0
3322,0,0.1388111,0
3324,1,0.02543889,0
3327,0,0.0719973,0
3346,0,0.29769957,0
3350,0,0.2020645,0
3378,1,0.10339228,0
3381,0,0.10176841,0
3394,0,0.09407315,0
3396,0,0.17262168,0
3401,0,0.28318587,0
3409,0,0.16816145,0
3411,0,0.19966525,0
3420,0,0.18979454,0
3422,0,0.16692695,0
3430,0,0.35040945,0
3432,0,0.29405653,0
3433,0,0.34548762,0
3453,0,0.12834807,0
3458,0,0.17551266,0
3459,0,0.26393682,0
3461,0,0.113261454,0
3468,0,0.15289347,0
3475,0,0.009052889,0
3476,0,0.1765615,0
3480,0,0.13457473,0
3481,0,0.41655338,0
3482,0,0.12857816,0
3486,0,0.31963375,0
3497,1,0.13843718,0
3500,1,0.1328205,0
3505,0,0.14400156,0
3525,0,0.23115827,0
3534,0,0.16779162,0
3557,1,0.1844828,0
3563,0,0.13743426,0
3568,0,0.11237403,0
3593,0,0.1263335,0
3597,0,0.27846342,0
3612,0,0.28871784,0
3621,0,0.070434704,0
3625,0,0.19410418,0
3633,0,0.21014276,0
3634,0,0.11795953,0
3654,0,0.060653318,0
3655,0,0.11123098,0
3659,0,0.106462985,0
3661,0,0.22587644,0
3663,0,0.15492477,0
3665,0,0.17292294,0
3677,1,0.13609304,0
3696,0,0.0813082,0
3698,0,0.17411256,0
3704,0,0.10947311,0
3709,0,0.16928005,0
3732,0,0.15878206,0
3733,0,0.096862294,0
3736,0,0.21578039,0
3737,0,0.080415726,0
3738,0,0.13464844,0
3747,0,0.15986384,0
3748,0,0.34296817,0
3757,0,0.34355414,0
3766,0,0.09560621,0
3783,0,0.33945104,0
3789,0,0.14064857,0
3796,0,0.25401273,0
3803,0,0.16035411,0
3805,0,0.19708697,0
3823,0,0.08066497,0
3832,0,0.16797228,0
3834,0,0.42535093,0
3839,0,0.32680935,0
3843,0,0.23752472,0
3858,0,0.107733,0
3861,0,0.2023931,0
3870,0,0.1240794,0
3877,0,0.15734762,0
3879,0,0.14658754,0
3884,0,0.19879383,0
3893,0,0.36890027,0
3898,0,0.34920737,0
3899,0,0.19091694,0
3907,0,0.09533384,0
3913,0,0.12065401,0
3918,0,0.13851896,0
3920,0,0.16615069,0
3923,0,0.31649044,0
3925,0,0.08462453,0
3926,0,0.25251365,0
3931,0,0.2494501,0
3935,0,0.18822877,0
3938,0,0.064484514,0
3944,0,0.35558975,0
3948,0,0.1277871,0
3969,0,0.016223917,0
3983,0,0.38738418,0
3990,0,0.07099955,0
4001,0,0.20886362,0
4006,0,0.056931365,0
4008,0,0.020397227,0
4025,0,0.25109968,0
4035,1,0.16458179,0
4036,0,0.2961159,0
4044,0,0.16872825,0
4047,0,0.11250551,0
4071,0,0.25188372,0
4075,0,0.10656095,0
4081,0,0.08814471,0
4083,0,0.42064577,0
4087,0,0.36460698,0
4088,0,0.08300894,0
4091,0,0.11773041,0
4093,0,0.15003149,0
4103,0,0.24725205,0
4108,0,0.28193098,0
4121,0,0.18867987,0
4129,0,0.13898003,0
4136,1,0.1839433,0
4138,0,0.24087119,0
4140,0,0.1430255,0
4141,0,0.264958,0
4145,0,0.2402778,0
4149,0,0.21668181,0
4175,0,0.17496355,0
4182,0,0.1879797,0
4190,0,0.12475562,0
4201,0,0.24462865,0
4202,0,0.20310012,0
4203,0,0.18138279,0
4207,0,0.32423767,0
4210,0,0.14206298,0
4211,0,0.1118209,0
4212,0,0.1653277,0
4215,0,0.18335627,0
4226,0,0.31744987,0
4255,0,0.120792426,0
4259,0,0.14337012,0
4262,0,0.17138514,0
4265,0,0.19365126,0
4266,0,0.1385741,0
4268,0,0.09158299,0
4275,0,0.00073731685,0
4276,0,0.15589547,0
4280,0,0.28937182,0
4283,0,0.26944244,0
4305,0,0.08437723,0
4309,0,0.14426166,0
4312,0,0.20319465,0
4316,0,0.12201776,0
4341,0,0.10722953,0
4362,0,0.12194555,0
4367,0,0.14527127,0
4368,0,0.17907956,0
4370,0,0.2900321,0
4371,0,0.1368636,0
4375,0,0.09038544,0
4384,0,0.13337365,0
4390,0,0.18410622,0
4391,0,0.2503011,0
4399,0,0.2252937,0
4404,0,0.15102236,0
4418,0,0.16279598,0
4430,0,0.066604085,0
4435,0,0.25476533,0
4452,0,0.26745483,0
4458,0,0.3803526,0
4461,0,0.12775345,0
4465,0,0.4119684,0
4474,0,0.32280752,0
4484,0,0.3168946,0
4488,0,0.06755909,0
4491,0,0.09027377,0
4493,0,0.18068336,0
4494,0,0.16340655,0
4502,0,0.17694037,0
4509,1,0.16129795,0
4512,0,0.3385241,0
4513,0,0.16773969,0
4517,0,0.20502272,0
4527,0,0.20072746,0
4541,0,0.10158041,0
4544,0,0.21021575,0
4547,0,0.1524797,0
4558,0,0.27848396,0
4569,0,0.3550894,0
4593,0,0.131333,0
4617,0,0.3417758,0
4628,0,0.16213769,0
4631,0,0.24764659,0
4641,0,0.14688905,0
4646,0,0.34743556,0
4650,0,0.12796573,0
4659,0,0.22681491,0
4660,0,0.35186598,0
4669,0,0.23212346,0
4670,0,0.13343938,0
4675,1,0.15509513,0
4677,0,0.20883475,0
4680,0,0.29679802,0
4684,0,0.12512372,0
4695,0,0.29064676,0
4697,0,0.40913236,0
4710,0,0.19627252,0
4718,0,0.13010725,0
4719,1,0.16787092,0
4722,0,0.120703146,0
4723,0,0.25876155,0
4734,0,0.1349454,0
4735,0,0.25221816,0
4740,0,0.15904051,0
4744,0,0.24826564,0
4749,0,0.3393544,0
4752,0,0.18116586,0
4783,0,0.25347748,0
4787,0,0.21536654,0
4789,0,0.24439791,0
4790,0,0.0072788373,0
4795,0,0.12240509,0
4797,0,0.12936325,0
4798,0,0.13326095,0
4801,0,0.23142898,0
4805,0,0.18707001,0
4806,0,0.18967074,0
4822,0,0.35861105,0
4828,0,0.16357389,0
4831,0,0.35980204,0
4836,0,0.12575245,0
4841,0,0.15016133,0
4856,0,0.11598746,0
4857,0,0.22163743,0
4863,0,0.3133685,0
4866,1,0.10854737,0
4869,0,0.26540673,0
4872,0,0.20102495,0
4880,0,0.23041414,0
4882,0,0.18663019,0
4906,0,0.33493215,0
4913,0,0.10823644,0
4929,0,0.1179899,0
4931,0,0.18484835,0
4933,0,0.24221495,0
4939,0,0.20146757,0
4940,0,0.3552955,0
4942,0,0.17436853,0
4946,0,0.44026738,0
4954,0,0.26637813,0
4955,0,0.2278366,0
4957,0,0.32385582,0
4962,0,0.20102265,0
4969,0,0.33179235,0
4981,0,0.15672573,0
4984,0,0.35170817,0
4988,0,0.21876498,0
4997,0,0.22224544,0
5003,1,0.22646087,0
5005,0,0.4265187,0
5009,0,0.119599454,0
5013,0,0.22473466,0
5016,0,0.22746867,0
5040,0,0.37348595,0
5041,0,0.13321334,0
5042,0,0.1770615,0
5045,0,0.09078989,0
5047,0,0.24304537,0
5051,0,0.14872637,0
5053,0,0.1942361,0
5063,0,0.15397225,0
5069,0,0.19818951,0
5074,0,0.14461324,0
5081,0,0.277569,0
5082,0,0.20491515,0
5083,0,0.20728548,0
5084,0,0.21957375,0
5085,0,0.1951176,0
5088,0,0.4119196,0
5090,0,0.13309497,0
5097,0,0.20009334,0
5104,0,0.2378622,0
5108,0,0.18725818,0
5113,0,0.2794757,0
5124,0,0.24743357,0
5128,0,0.12088136,0
5132,0,0.10177217,0
5136,0,0.14076507,0
5153,0,0.29736322,0
5160,0,0.1764968,0
5174,1,0.24029791,0
5177,0,0.40968174,0
5181,0,0.26667362,0
5193,0,0.21260385,0
5200,0,0.17192525,0
5202,0,0.50018466,1
5213,0,0.20469368,0
5221,0,0.30820727,0
5223,0,0.34378156,0
5235,0,0.21408585,0
5237,0,0.49529633,0
5242,0,0.23865747,0
5246,0,0.25459057,0
5267,0,0.0930466,0
5271,0,0.24231265,0
5272,0,0.13302062,0
5273,0,0.20496017,0
5277,0,0.13790067,0
5306,0,0.10789268,0
5318,0,0.3146957,0
5338,0,0.22945274,0
5344,0,0.19734581,0
5354,0,0.15343699,0
5359,0,0.12750652,0
5363,0,0.12959461,0
5370,0,0.25708485,0
5372,0,0.306504,0
5375,0,0.32222623,0
5379,0,0.19209035,0
5395,0,0.24517404,0
5398,0,0.20949359,0
5403,0,0.20336233,0
5412,0,0.013822371,0
5413,0,0.21570276,0
5421,0,0.07325298,0
5423,0,0.22342929,0
5424,0,0.12160151,0
5427,0,0.30732682,0
5429,0,0.20827186,0
5430,0,0.20961884,0
5432,0,0.2089523,0
5435,0,0.10784397,0
5451,0,0.07969885,0
5453,0,0.19792049,0
5474,0,0.17978373,0
5478,0,0.29946262,0
5487,0,0.16787739,0
5490,0,0.12149671,0
5496,0,0.25154117,0
5504,0,0.25883096,0
5513,0,0.17216577,0
5517,0,0.13110761,0
5536,0,0.18168238,0
5538,0,0.20372526,0
5539,0,0.20135136,0
5543,0,0.1138404,0
5545,0,0.1059311,0
5559,0,0.19164677,0
5561,0,0.13089308,0
5564,0,0.17752956,0
5568,0,0.48433688,0
5592,0,0.22584897,0
5596,0,0.09654167,0
5605,0,0.20067047,0
5606,0,0.11630661,0
5608,0,0.17588086,0
5612,0,0.08816185,0
5621,0,0.26924512,0
5627,0,0.48030573,0
5654,0,0.37255654,0
5659,0,0.3651814,0
5665,0,0.16794835,0
5667,0,0.5120709,1
5683,0,0.16495587,0
5689,0,0.33315155,0
5693,0,0.18136737,0
5705,1,0.1887026,0
5706,0,0.34068093,0
5709,0,0.33625656,0
5714,0,0.27856892,0
5719,0,0.16732475,0
5721,0,0.0012588707,0
5727,0,0.09204904,0
5730,0,0.12217717,0
5733,0,0.1532562,0
5740,0,0.13878235,0
5747,0,0.1785571,0
5750,0,0.20620944,0
5756,0,0.22077289,0
5761,0,0.115659185,0
5766,0,0.19813466,0
5767,0,0.11221087,0
5769,0,0.14604133,0
5771,0,0.14032072,0
5773,0,0.1655559,0
5784,0,0.20368099,0
5785,0,0.10727941,0
5786,0,0.1272589,0
5796,0,0.15817936,0
5797,0,0.24120155,0
5802,0,0.17665574,0
5815,0,0.20029756,0
5829,0,0.11993865,0
5839,0,0.15266743,0
5845,0,0.50572854,1
5850,0,0.17630258,0
5855,0,0.35333255,0
5861,0,0.26618063,0
5863,0,0.4537695,0
5873,0,0.2329449,0
5877,0,0.19240908,0
5878,0,0.11658022,0
5885,0,0.11395373,0
5886,0,0.13558568,0
5893,0,0.39603654,0
5905,0,0.202459,0
5907,0,0.36574265,0
5924,0,0.43388382,0
5937,0,0.098668605,0
5969,0,0.13658361,0
5975,0,0.17762981,0
5977,0,0.23985691,0
5982,0,0.12785836,0
5989,0,0.16306695,0
6005,1,0.079642914,0
6008,0,0.39186227,0
6017,0,0.1258916,0
6020,0,0.4299317,0
6033,0,0.135532,0
6041,0,0.15658723,0
6042,0,0.20184022,0
6059,0,0.27262145,0
6063,0,0.15273368,0
6067,0,0.124001525,0
6068,0,0.15818967,0
6080,0,0.22891057,0
6086,0,0.19035329,0
6088,0,0.12832227,0
6090,0,0.13840574,0
6092,0,0.25110972,0
6097,0,0.23924316,0
6100,0,0.28739095,0
6103,0,0.5343824,1
6105,0,0.16811936,0
6123,0,0.17689867,0
6127,0,0.3168781,0
6136,0,0.10709341,0
6144,0,0.18205622,0
6160,0,0.15744032,0
6166,0,0.14309846,0
6168,0,0.34473202,0
6170,0,0.48783752,0
6182,0,0.23221652,0
6196,0,0.14798628,0
6204,0,0.17625631,0
6207,0,0.2599634,0
6217,0,0.46613047,0
6221,0,0.47674724,0
6226,0,0.3133316,0
6228,0,0.07593264,0
6235,0,0.22214682,0
6236,0,0.16001347,0
6239,0,0.21453956,0
6245,0,0.06250394,0
6268,0,0.3271465,0
6281,0,0.346527,0
6285,0,0.3583838,0
6295,0,0.114984214,0
6313,0,0.15689118,0
6318,0,0.0922413,0
6322,0,0.26949677,0
6336,0,0.1407588,0
6337,1,0.22401686,0
6340,0,0.38516778,0
6350,0,0.14518014,0
6353,0,0.40543076,0
6356,0,0.16428153,0
6357,0,0.14225668,0
6358,0,0.5671868,1
6364,0,0.21050236,0
6382,0,0.2494926,0
6387,0,0.30005857,0
6389,0,0.099839285,0
6390,0,0.36954665,0
6420,0,0.100887515,0
6425,0,0.19678222,0
6426,0,0.31551102,0
6437,0,0.3029854,0
6439,0,0.39878517,0
6455,0,0.14512141,0
6464,0,0.19346076,0
6469,0,0.097414084,0
6476,0,0.25173423,0
6483,0,0.17659487,0
6484,0,0.36059558,0
6497,0,0.38811773,0
6504,0,0.25839385,0
6505,0,0.18547021,0
6512,0,0.13156876,0
6513,0,0.10480965,0
6517,0,0.18412985,0
6518,0,0.20176207,0
6530,0,0.119290836,0
6533,0,0.06178678,0
6544,0,0.08398102,0
6571,0,0.103026405,0
6572,0,0.28429964,0
6578,0,0.21463796,0
6591,0,0.34914953,0
6596,0,0.18623117,0
6597,0,0.13240732,0
6599,0,0.346519,0
6604,0,0.32326275,0
6607,0,0.22322676,0
6632,0,0.33140555,0
6634,0,0.34568346,0
6642,0,0.101282164,0
6650,0,0.18070039,0
6652,0,0.35223946,0
6653,0,0.24301063,0
6655,0,0.049831305,0
6671,0,0.2749725,0
6673,0,0.12830389,0
6677,0,0.27055487,0
6680,0,0.37786278,0
6691,0,0.48967347,0
6715,0,0.38000652,0
6743,0,0.417116,0
6744,0,0.28806835,0
6753,0,0.13557705,0
6758,0,0.3692833,0
6764,0,0.24024071,0
6765,0,0.08171616,0
6768,0,0.42794296,0
6773,1,0.16030523,0
6779,0,0.29283386,0
6788,0,0.33909997,0
6805,0,0.50594085,1
6813,0,0.36614606,0
6826,0,0.20189263,0
6828,0,0.18783808,0
6840,0,0.31964785,0
6849,0,0.11257836,0
6853,0,0.14530304,0
6855,0,0.20663314,0
6867,0,0.13049823,0
6893,0,0.1485188,0
6907,0,0.27074635,0
6910,0,0.191163,0
6917,0,0.3656254,0
6924,0,0.22376738,0
6930,0,0.12191732,0
6933,0,0.11206145,0
6936,0,0.13370077,0
6952,0,0.29652777,0
6957,0,0.19484763,0
6986,0,0.4191872,0
6994,0,0.34912622,0
6997,0,0.14583999,0
6998,0,0.2640457,0
7005,0,0.19063248,0
7010,0,0.09860471,0
7015,0,0.11469545,0
7019,0,0.19563778,0
7020,0,0.15414421,0
7030,0,0.118473716,0
7037,0,0.1994162,0
7042,0,0.25176242,0
7047,0,0.12629396,0
7056,0,0.15349345,0
7065,0,0.32720643,0
7069,0,0.2653912,0
7070,0,0.26729372,0
7088,0,0.21103153,0
7093,0,0.19415365,0
7110,0,0.38854295,0
7111,0,0.16623478,0
7121,0,0.4688087,0
7125,0,0.11274092,0
7139,0,0.14710437,0
7144,0,0.20939738,0
7156,0,0.11710652,0
7160,0,0.10894285,0
7168,0,0.14509821,0
7172,0,0.084160976,0
7179,0,0.10489649,0
7182,0,0.15497598,0
7187,0,0.4376163,0
7189,0,0.13206935,0
7190,0,0.07376575,0
7195,0,0.33390257,0
7199,0,0.188873,0
7200,0,0.14460008,0
7201,0,0.18299845,0
7211,0,0.0893053,0
7217,0,0.1773994,0
7228,0,0.16888729,0
7229,0,0.11249816,0
7236,0,0.119029,0
7242,1,0.3015092,0
7252,0,0.28736573,0
7253,0,0.118859,0
7255,0,0.18438159,0
7258,0,0.493583,0
7260,0,0.11535123,0
7273,0,0.3585702,0
7279,0,0.31091875,0
7281,1,0.14887124,0
7301,0,0.1284676,0
7308,0,0.22138064,0
7324,1,0.2926542,0
7338,0,0.20699294,0
7353,0,0.12760083,0
7355,0,0.14312723,0
7370,0,0.19253176,0
7371,0,0.26685345,0
7376,0,0.15368032,0
7382,0,0.18432806,0
7392,0,0.210458,0
7396,0,0.2637388,0
7397,0,0.0723705,0
7405,0,0.15614986,0
7415,0,0.19922027,0
7416,0,0.3356925,0
7421,0,0.42251074,0
7432,0,0.12769856,0
7433,0,0.271675,0
7437,0,0.35233137,0
7440,0,0.28962752,0
7445,0,0.15968306,0
7452,0,0.097763315,0
7453,0,0.21334219,0
7457,1,0.34984025,0
7459,0,0.14384542,0
7462,0,0.16754244,0
7463,0,0.24391612,0
7465,0,0.09210307,0
7467,0,0.22722068,0
7483,0,0.32524797,0
7484,0,0.26674265,0
7494,0,0.28582448,0
7500,0,0.41746214,0
7503,0,0.22697747,0
7511,0,0.16437069,0
7514,0,0.086024426,0
7518,0,0.1685486,0
7522,0,0.1365023,0
7523,0,0.13694872,0
7527,0,0.20126508,0
7528,0,0.22222401,0
7546,0,0.2687371,0
7552,0,0.2937718,0
7578,0,0.17614634,0
7582,0,0.05811035,0
7584,0,0.39818946,0
7592,0,0.24369144,0
7600,0,0.1361425,0
7601,0,0.3251519,0
7604,0,0.14092393,0
7613,0,0.3237635,0
7619,0,0.28743866,0
7645,0,0.30390194,0
7650,0,0.2559656,0
7653,0,0.18972677,0
7656,0,0.08204218,0
7675,0,0.3869264,0
7686,0,0.11308664,0
7688,0,0.34126464,0
7694,0,0.18624912,0
7733,0,0.4383657,0
7735,0,0.23329233,0
7737,0,0.33936754,0
7738,0,0.09730995,0
7753,0,0.12792335,0
7758,0,0.48538163,0
7770,0,0.21824677,0
7771,0,0.22460732,0
7774,0,0.123162925,0
7791,0,0.13039127,0
7797,0,0.086096436,0
7810,0,0.11357801,0
7816,0,0.19758275,0
7857,0,0.21334675,0
7862,0,0.28921598,0
7864,0,0.23748085,0
7867,0,0.29958063,0
7877,0,0.20717312,0
7883,0,0.107489824,0
7885,0,0.109794386,0
7897,0,0.098412,0
7912,0,0.15750173,0
7916,1,0.12197757,0
7926,1,0.24536395,0
7931,0,0.36096212,0
7941,0,0.11290378,0
7946,0,0.10233839,0
7951,0,0.12573992,0
7963,0,0.26234588,0
7968,0,0.19686468,0
8014,1,0.17427173,0
8015,0,0.3077989,0
8027,0,0.2600495,0
8035,0,0.21961772,0
8066,0,0.22752233,0
8067,0,0.21478243,0
8075,0,0.40000123,0
8082,1,0.2594519,0
8094,0,0.4193105,0
8101,0,0.18497007,0
8110,0,0.44426593,0
8112,0,0.32912195,0
8113,0,0.2529736,0
8119,0,0.31368062,0
8121,0,0.21189937,0
8127,0,0.30850148,0
8130,0,0.16663088,0
8152,0,0.17270032,0
8162,0,0.44848433,0
8168,0,0.26288375,0
8194,0,0.14504874,0
8195,0,0.24795488,0
8205,0,0.26351684,0
8208,0,0.2867213,0
8209,0,0.21168429,0
8222,0,0.20013973,0
8226,0,0.12084115,0
8230,0,0.2953238,0
8239,0,0.19150655,0
8241,0,0.34544563,0
8260,0,0.16863653,0
8263,0,0.19493791,0
8269,0,0.15153702,0
8270,0,0.1949119,0
8279,0,0.2590299,0
8282,0,0.37457404,0
8285,0,0.3051477,0
8287,0,0.08641427,0
8297,0,0.1608369,0
8302,0,0.23638706,0
8306,0,0.23748574,0
8325,0,0.20632622,0
8331,0,0.13954043,0
8357,0,0.15002482,0
8366,0,0.21759742,0
8368,0,0.1634457,0
8380,0,0.27012166,0
8393,0,0.39567682,0
8395,0,0.20043446,0
8398,0,0.31014034,0
8400,0,0.326641,0
8405,0,0.3251399,0
8429,0,0.1644924,0
8437,0,0.21465382,0
8441,0,0.27154619,0
8453,0,0.14709552,0
8457,0,0.15446642,0
8460,0,0.22958198,0
8467,0,0.22589156,0
8482,0,0.18191546,0
8486,0,0.28812388,0
8493,0,0.20617513,0
8497,0,0.38638085,0
8499,0,0.21970147,0
8500,0,0.34371507,0
8504,0,0.2117753,0
8510,0,0.31065646,0
8512,0,0.09602268,0
8513,0,0.1334835,0
8521,0,0.16562922,0
8524,0,0.24901056,0
8529,0,0.16072068,0
8531,0,0.29304785,0
8537,0,0.22114466,0
8540,0,0.42271584,0
8542,0,0.103615604,0
8554,0,0.056687053,0
8567,0,0.14432074,0
8580,0,0.20791386,0
8594,0,0.3067239,0
8612,0,0.08146636,0
8616,0,0.33383062,0
8617,0,0.2989384,0
8646,1,0.18662739,0
8652,0,0.23521642,0
8663,0,0.26385823,0
8671,0,0.25451773,0
8686,0,0.19588608,0
8687,0,0.11362153,0
8697,0,0.27469835,0
8700,0,0.32296392,0
8702,0,0.17960536,0
8708,0,0.08822203,0
8713,0,0.094629325,0
8720,0,0.21331263,0
8721,0,0.1323528,0
8723,0,0.19666095,0
8732,0,0.15708134,0
8734,0,0.1590408,0
8748,0,0.15044743,0
8751,0,0.19515015,0
8764,0,0.24099772,0
8765,0,0.40135798,0
8780,0,0.27354467,0
8785,0,0.25909892,0
8791,0,0.44641536,0
8813,0,0.39587474,0
8819,0,0.39795998,0
8825,0,0.082495295,0
8827,0,0.30058342,0
8831,0,0.20768854,0
8833,0,0.2659999,0
8845,0,0.18198529,0
8847,0,0.12315354,0
8852,0,0.40867406,0
8856,0,0.12878934,0
8865,0,0.17555536,0
8869,0,0.49821842,0
8875,0,0.26750183,0
8893,0,0.4477978,0
8894,0,0.22156878,0
8898,0,0.22086698,0
8905,0,0.201781,0
8906,0,0.31237563,0
8909,0,0.2163622,0
8913,0,0.19220181,0
8956,0,0.4411499,0
8964,0,0.16470402,0
8966,0,0.3119448,0
8981,0,0.13983376,0
8983,0,0.20329908,0
8984,0,0.26251376,0
8994,0,0.2884934,0
8996,0,0.33382562,0
9003,0,0.10746281,0
9007,0,0.17879817,0
9009,0,0.24181531,0
9011,1,0.23667824,0
9013,0,0.2841536,0
9014,0,0.11440799,0
9018,0,0.088246085,0
9036,0,0.25345495,0
9044,1,0.14856839,0
9050,0,0.25823528,0
9055,0,0.1378147,0
9074,0,0.075287074,0
9091,0,0.07679505,0
9099,0,0.1783909,0
9100,0,0.116953075,0
9101,0,0.21465598,0
9103,0,0.30557173,0
9121,0,0.14924157,0
9122,0,0.16269642,0
9131,0,0.099256724,0
9143,1,0.18263866,0
9144,1,0.18106975,0
9153,0,0.23524408,0
9167,0,0.13605306,0
9169,0,0.20960295,0
9175,0,0.1863705,0
9180,0,0.25594708,0
9192,0,0.20525055,0
9223,0,0.07804591,0
9225,0,0.24436939,0
9234,0,0.1866066,0
9240,0,0.21288705,0
9244,0,0.21554211,0
9247,0,0.109158136,0
9253,0,0.13214013,0
9260,0,0.29635185,0
9267,0,0.22057603,0
9268,0,0.051093996,0
9274,0,0.14338705,0
9276,0,0.44208038,0
9280,0,0.2656742,0
9284,0,0.16049892,0
9304,0,0.15553682,0
9305,0,0.16047843,0
9309,0,0.18409774,0
9310,0,0.17280537,0
9311,0,0.21763062,0
9312,0,0.059226904,0
9316,0,0.23064372,0
9317,0,0.10791019,0
9320,0,0.17383648,0
9329,0,0.18497998,0
9352,0,0.3612849,0
9353,0,0.458375,0
9355,0,0.1276292,0
9358,0,0.22783773,0
9369,0,0.2940629,0
9389,1,0.14096215,0
9391,0,0.07912846,0
9393,0,0.22518201,0
9400,0,0.024448974,0
9402,0,0.20614927,0
9403,0,0.31488758,0
9405,0,0.16558976,0
9427,0,0.17106588,0
9433,0,0.19084014,0
9437,0,0.27477065,0
9441,1,0.31813577,0
9449,0,0.30521846,0
9450,0,0.26842523,0
9453,1,0.3822157,0
9457,0,0.22167017,0
9460,0,0.24445194,0
9469,0,0.23755275,0
9486,0,0.16029955,0
9488,0,0.34380308,0
9504,0,0.35963866,0
9506,0,0.19439192,0
9507,0,0.32037762,0
9513,0,0.114477485,0
9521,0,0.23989837,0
9524,0,0.25172487,0
9530,0,0.17766574,0
9549,0,0.17295083,0
9555,0,0.3482371,0
9561,0,0.31735712,0
9575,0,0.31696767,0
9577,0,0.107228,0
9578,1,0.2777229,0
9579,0,0.27791098,0
9583,0,0.21936096,0
9597,0,0.024998289,0
9601,0,0.2124902,0
9607,0,0.26165116,0
9611,0,0.20933181,0
9642,0,0.09088162,0
9644,0,0.31952837,0
9653,0,0.22442861,0
9660,0,0.35755306,0
9664,0,0.36556062,0
9674,0,0.2328305,0
9675,0,0.048226558,0
9679,0,0.18786491,0
9680,0,0.09531866,0
9681,0,0.3874416,0
9682,0,0.14653705,0
9698,0,0.17766528,0
9711,0,0.17072763,0
9724,0,0.2084735,0
9733,0,0.051485766,0
9738,0,0.22090541,0
9750,0,0.06511901,0
9756,0,0.10633555,0
9771,0,0.15109384,0
9774,1,0.24588284,0
9786,0,0.19880696,0
9790,0,0.33755535,0
9799,1,0.14985406,0
9806,0,0.25715235,0
9808,0,0.14369138,0
9815,0,0.4202485,0
9817,0,0.20832182,0
9820,0,0.096575886,0
9826,0,0.29512548,0
9833,0,0.29097497,0
9835,0,0.10040341,0
9840,0,0.18893234,0
9853,0,0.25258234,0
9859,0,0.1965706,0
9861,0,0.24313165,0
9864,0,0.06737498,0
9883,0,0.16121277,0
9890,0,0.24164744,0
9893,0,0.3985133,0
9895,0,0.13492998,0
9926,0,0.15341176,0
9927,0,0.10193506,0
9942,0,0.09288184,0
9949,0,0.10999202,0
9950,0,0.24443345,0
9955,0,0.084564924,0
9958,1,0.29243615,0
9963,0,0.18629423,0
9965,0,0.1739851,0
9975,0,0.17347398,0
9976,0,0.5027301,1
9985,0,0.27475572,0
9992,0,0.12821265,0
9993,1,0.4649354,0
9999,0,0.09754097,0
10000,0,0.117741145,0
10029,0,0.24843775,0
10036,0,0.17496008,0
10039,0,0.2605405,0
10042,0,0.45181108,0
10050,0,0.20991862,0
10068,0,0.1897638,0
10075,0,0.34532252,0
10080,0,0.18033601,0
10089,0,0.11702012,0
10102,0,0.247456,0
10120,0,0.10759634,0
10138,0,0.21122462,0
10139,0,0.17856413,0
10145,0,0.15103872,0
10147,1,0.26705515,0
10153,0,0.07558621,0
10178,0,0.20656914,0
10182,0,0.07249778,0
10195,0,0.29281607,0
10198,0,0.13134801,0
10204,0,0.15237579,0
10208,0,0.05058121,0
10211,0,0.20181262,0
10216,0,0.093801074,0
10222,0,0.35208866,0
10224,0,0.026900832,0
10227,0,0.15347473,0
10235,0,0.10031279,0
10242,0,0.14276595,0
10248,0,0.118855454,0
10253,0,0.19810195,0
10266,0,0.19219346,0
10273,0,0.35483342,0
10274,0,0.24066804,0
10285,1,0.22136392,0
10288,0,0.14728941,0
10292,0,0.19190297,0
10298,0,0.388031,0
10303,0,0.25591776,0
10306,0,0.41579407,0
10307,0,0.2325014,0
10309,0,0.2384487,0
10313,0,0.32773632,0
10322,0,0.17961037,0
10332,0,0.15284733,0
10335,0,0.21084028,0
10336,0,0.18660167,0
10339,0,0.20416008,0
10345,0,0.13890262,0
10350,0,0.19512779,0
10351,0,0.25484663,0
10357,0,0.14628217,0
10373,0,0.05617313,0
10396,0,0.2563556,0
10416,1,0.15979087,0
10427,0,0.11449119,0
10429,0,0.13985918,0
10438,0,0.22602372,0
10439,0,0.17656772,0
10440,0,0.17005295,0
10456,0,0.14925504,0
10460,0,0.18607402,0
10462,0,0.21374522,0
10471,0,0.22316946,0
10474,0,0.29407355,0
10477,0,0.2502741,0
10496,1,0.255277,0
10506,0,0.23955747,0
10514,0,0.3029323,0
10517,0,0.07897931,0
10520,0,0.5082271,1
10521,0,0.30997425,0
10528,0,0.2272018,0
10533,0,0.15809417,0
10544,0,0.1621371,0
10560,0,0.14247154,0
10562,0,0.06608267,0
10576,0,0.31275672,0
10589,0,0.30527976,0
10590,0,0.27528214,0
10592,0,0.32512325,0
10595,0,0.17633548,0
10600,0,0.18306866,0
10602,0,0.39261496,0
10607,0,0.14628665,0
10612,0,0.33074868,0
10620,0,0.18400793,0
10621,0,0.28363284,0
10634,0,0.15584724,0
10638,0,0.48261532,0
10641,0,0.2676743,0
10661,0,0.16155171,0
10667,0,0.2808153,0
10670,0,0.28060687,0
10676,0,0.19576308,0
10688,0,0.1993077,0
10689,0,0.11817464,0
10700,0,0.1660894,0
10720,0,0.19579707,0
10724,0,0.06909057,0
10731,0,0.43504915,0
10732,0,0.13801436,0
10745,0,0.21860974,0
10748,0,0.17933407,0
10751,0,0.20059726,0
10758,0,0.15846232,0
10766,0,0.0694212,0
10767,0,0.16657667,0
10769,0,0.2781828,0
10778,0,0.09844119,0
10787,0,0.30955654,0
10790,0,0.29109028,0
10799,0,0.13165542,0
10803,0,0.20284532,0
10807,0,0.26061168,0
10813,0,0.24297069,0
10822,0,0.12768328,0
10824,1,0.23266125,0
10825,0,0.23568638,0
10835,0,0.31515115,0
10840,0,0.14655145,0
10845,0,0.08211223,0
10852,0,0.4677183,0
10862,0,0.27441815,0
10866,0,0.17463227,0
10869,0,0.23899105,0
10876,0,0.45695087,0
10892,0,0.2784986,0
10899,0,0.17030954,0
10903,0,0.24010412,0
10915,0,0.21509688,0
10926,0,0.22738008,0
10927,0,0.20528488,0
10948,1,0.28809413,0
10952,0,0.0820127,0
10957,0,0.18702978,0
10959,1,0.25509173,0
10963,0,0.19474691,0
10976,0,0.32333916,0
10977,0,0.3611784,0
10981,0,0.19325896,0
10982,0,0.4657229,0
10994,0,0.20751779,0
11011,0,0.23392631,0
11013,0,0.12977697,0
11021,0,0.0619809,0
11022,0,0.15807053,0
11024,0,0.30435294,0
11029,0,0.15473446,0
11030,0,0.24267812,0
11032,0,0.28285936,0
11034,0,0.13195328,0
11046,0,0.19156192,0
11050,0,0.36809608,0
11076,0,0.19494155,0
11078,0,0.30342403,0
11080,0,0.47957814,0
11087,0,0.1762969,0
11088,0,0.101794325,0
11090,0,0.19125734,0
11094,0,0.41788515,0
11097,0,0.13819632,0
11099,0,0.22788848,0
11108,0,0.55541927,1
11111,0,0.15769851,0
11121,0,0.09196005,0
11122,0,0.26601204,0
11134,0,0.1632571,0
11138,0,0.26893294,0
11149,0,0.18234798,0
11150,0,0.3876125,0
11153,0,0.34862235,0
11155,0,0.39005178,0
11162,0,0.3357685,0
11174,0,0.11486063,0
11175,0,0.11027589,0
11184,0,0.09260602,0
11185,0,0.22838041,0
11186,0,0.53224456,1
11189,0,0.15666507,0
11192,1,0.2158884,0
11195,0,0.07656063,0
11196,0,0.1731179,0
11198,0,0.18909492,0
11215,0,0.14707811,0
11230,0,0.048997402,0
11233,0,0.20117058,0
11241,0,0.37728366,0
11246,0,0.30493942,0
11248,0,0.10806466,0
11265,0,0.2762367,0
11279,0,0.21582772,0
11280,0,0.25399667,0
11283,0,0.21083999,0
11293,0,0.18412738,0
11302,0,0.18291475,0
11321,0,0.15796757,0
11324,0,0.37887934,0
11338,0,0.0930292,0
11347,0,0.18196392,0
11351,1,0.091337174,0
11355,0,0.012345614,0
11364,0,0.1226862,0
11370,0,0.24173069,0
11376,0,0.33990508,0
11383,0,0.3374617,0
11384,0,0.29261273,0
11385,0,0.2939385,0
11386,0,0.24685213,0
11389,0,0.23264101,0
11398,0,0.44799483,0
11411,0,0.10920793,0
11412,0,0.2600104,0
11415,0,0.25476307,0
11419,0,0.2302223,0
11427,0,0.35010305,0
11429,0,0.45967504,0
11446,0,0.26261863,0
11451,0,0.50206107,1
11458,0,0.15556586,0
11477,0,0.17074229,0
11493,0,0.16330078,0
11496,0,0.16601288,0
11501,0,0.20418596,0
11503,0,0.12699455,0
11506,0,0.18085301,0
11508,0,0.41721955,0
11509,0,0.24538231,0
11510,1,0.0840183,0
11517,0,0.59633434,1
11518,0,0.24521574,0
11525,0,0.12614141,0
11529,0,0.2574573,0
11534,0,0.1821815,0
11540,0,0.046405315,0
11557,0,0.3151708,0
11573,0,0.2722262,0
11575,0,0.10042607,0
11578,0,0.08470113,0
11580,0,0.5572271,1
11593,0,0.16051498,0
11594,0,0.25030124,0
11602,0,0.13166343,0
11604,0,0.2478545,0
11605,0,0.55083257,1
11610,0,0.5070496,1
11620,0,0.10840458,0
11629,0,0.077262715,0
11632,0,0.010417134,0
11635,0,0.24001007,0
11644,0,0.052144956,0
11646,0,0.1377491,0
11665,0,0.27104688,0
11666,0,0.051946,0
11669,0,0.25995666,0
11674,0,0.12368638,0
11683,0,0.13407078,0
11686,0,0.19806685,0
11692,0,0.24971226,0
11693,0,0.20355801,0
11702,1,0.22668163,0
11703,0,0.09472958,0
11705,0,0.24857071,0
11711,1,0.22499217,0
11720,0,0.080816224,0
11722,0,0.15711315,0
11731,0,0.07235238,0
11732,0,0.24027033,0
11738,0,0.205373,0
11742,0,0.23361047,0
11744,0,0.17421283,0
11751,0,0.17226063,0
11756,0,0.19210923,0
11761,0,0.16955934,0
11763,0,0.32200354,0
11767,0,0.26865056,0
11779,0,0.15085287,0
11781,1,0.2187298,0
11784,0,0.2619408,0
11785,0,0.2511277,0
11788,0,0.25443643,0
11795,0,0.20826931,0
11797,0,0.23200929,0
11799,0,0.3722886,0
11801,0,0.18556497,0
11816,0,0.46134984,0
11820,0,0.17243019,0
11826,0,0.18202859,0
11828,0,0.26518092,0
11833,0,0.17028175,0
11838,1,0.6159138,1
11841,1,0.18395714,0
11849,0,0.13359897,0
11854,0,0.28040433,0
11865,1,0.37292615,0
11866,0,0.1234168,0
11870,0,0.22543588,0
11875,0,0.14533252,0
11878,0,0.024141565,0
11880,0,0.029748758,0
11881,0,0.14662433,0
11898,0,0.30336025,0
11901,0,0.15288074,0
11909,0,0.09494028,0
11933,0,0.035388764,0
11939,0,0.10666342,0
11957,0,0.23097901,0
11964,0,0.1733551,0
11969,0,0.19266616,0
11978,0,0.22897142,0
11981,0,0.2909847,0
11984,0,0.33878624,0
11988,0,0.26816323,0
11992,0,0.17743483,0
11995,0,0.2003722,0
12004,0,0.21135779,0
12005,0,0.2129496,0
12017,0,0.11670187,0
12022,0,0.06435771,0
12035,0,0.094065,0
12040,0,0.2976512,0
12045,0,0.0041337893,0
12058,0,0.41624877,0
12059,0,0.17358053,0
12083,0,0.08443578,0
12097,0,0.3819285,0
12116,0,0.22693086,0
12125,0,0.06892024,0
12135,0,0.17724608,0
12136,0,0.12914754,0
12137,0,0.17392541,0
12141,0,0.23666394,0
12142,0,0.09657464,0
12143,0,0.13516928,0
12146,0,0.11677749,0
12155,0,0.034023818,0
12165,0,0.15286383,0
12174,0,0.08098031,0
12185,0,0.01593075,0
12186,0,0.20746897,0
12187,0,0.04723235,0
12188,0,0.16370644,0
12190,0,0.3026508,0
12193,0,0.1499197,0
12194,0,0.28200114,0
12209,0,0.34279612,0
12216,0,0.19696939,0
12230,0,0.21629116,0
12247,1,0.345636,0
12253,0,0.6285053,1
12255,0,0.31746432,0
12260,1,0.24814667,0
12267,0,0.15789635,0
12272,0,0.09540935,0
12278,0,0.042281598,0
12279,0,0.16823456,0
12280,0,0.15839086,0
12296,0,0.14481683,0
12318,0,0.33793104,0
12330,0,0.44065118,0
12333,0,0.25883472,0
12334,0,0.18682243,0
12339,0,0.38790798,0
12345,0,0.19918749,0
12357,1,0.08742564,0
12360,0,0.17134127,0
12365,0,0.10081869,0
12366,0,0.1525941,0
12375,0,0.18639578,0
12386,0,0.077174746,0
12388,0,0.2543563,0
12395,0,0.1461732,0
12409,0,0.19005121,0
12410,0,0.29771665,0
12412,0,0.22074763,0
12416,0,0.4259047,0
12421,0,0.2070138,0
12425,0,0.2112548,0
12429,0,0.31358418,0
12434,0,0.19354941,0
12437,0,0.2662131,0
12439,0,0.1554667,0
12451,0,0.21735144,0
12458,0,0.20045824,0
12459,0,0.38823035,0
12460,0,0.07103338,0
12463,0,0.13687268,0
12464,0,0.13401398,0
12466,0,0.12911484,0
12486,0,0.14955722,0
12501,0,0.42309242,0
12502,0,0.28132522,0
12503,0,0.19060104,0
12507,0,0.08217083,0
12510,0,0.17226464,0
12517,0,0.25894699,0
12521,0,0.36553037,0
12524,0,0.114147194,0
12538,0,0.21547456,0
12539,0,0.1347176,0
12567,0,0.2897226,0
12572,0,0.2172075,0
12573,0,0.17237662,0
12576,0,0.3017943,0
12579,0,0.07895969,0
12584,0,0.21923174,0
12587,0,0.2035748,0
12590,0,0.33920607,0
12613,0,0.21115823,0
12614,0,0.24023122,0
12622,0,0.084698685,0
12636,0,0.2810619,0
12645,0,0.30721885,0
12647,0,0.13184044,0
12648,0,0.1878878,0
12659,0,0.40725294,0
12662,1,0.5837874,1
12665,0,0.40506437,0
12669,0,0.4449809,0
12671,0,0.4628933,0
12673,0,0.35084772,0
12675,0,0.5468482,1
12681,0,0.5490291,1
12690,0,0.2566375,0
12693,0,0.4361278,0
12700,0,0.17993699,0
12710,0,0.43809885,0
12713,0,0.33687192,0
12714,0,0.5996263,1
12726,0,0.39327958,0
12732,0,0.34120888,0
12734,0,0.5404876,1
12740,0,0.6394198,1
12745,0,0.57670486,1
12754,0,0.5098085,1
12757,0,0.36496386,0
12767,0,0.4632476,0
12768,0,0.4737471,0
12773,0,0.37985992,0
12784,0,0.44840384,0
12793,0,0.41767773,0
12795,1,0.6465127,1
12796,1,0.36579773,0
12797,0,0.5142484,1
12798,0,0.5170404,1
12811,0,0.28098318,0
12824,1,0.39656633,0
12825,0,0.44382212,0
12835,0,0.45581,0
12839,0,0.57270527,1
12843,0,0.31590852,0
12856,0,0.4391147,0
12864,0,0.35530674,0
12873,0,0.4841432,0
12885,0,0.24387881,0
12897,0,0.30781543,0
12900,0,0.51100177,1
12911,0,0.3806275,0
12923,0,0.5606577,1
12935,0,0.37495112,0
12937,0,0.4427955,0
12945,0,0.439597,0
12946,0,0.36453438,0
12953,0,0.64546275,1
12957,0,0.44951662,0
12960,0,0.33475184,0
12963,0,0.51216483,1
12972,0,0.33249384,0
12976,0,0.4814193,0
12987,0,0.3809702,0
12988,0,0.40499106,0
13009,0,0.56599975,1
13017,0,0.37329605,0
13032,0,0.46560284,0
13034,0,0.4944749,0
13049,0,0.3139023,0
13065,0,0.32723963,0
13068,0,0.52181345,1
13087,0,0.34540647,0
13089,0,0.57418203,1
13095,0,0.5237516,1
13097,0,0.32944217,0
13110,0,0.20905694,0
13120,0,0.41849673,0
13128,0,0.45609605,0
13131,0,0.4382759,0
13148,0,0.5373411,1
13170,0,0.32947624,0
13171,0,0.2193343,0
13172,0,0.38070998,0
13173,0,0.42790267,0
13178,0,0.4947545,0
13195,0,0.5842106,1
13199,0,0.49170136,0
13216,0,0.45848867,0
13217,0,0.51912,1
13225,0,0.5703141,1
13228,1,0.43276143,0
13238,0,0.32718083,0
13250,0,0.33918777,0
13252,0,0.4107851,0
13255,0,0.4623398,0
13259,0,0.5389479,1
13267,0,0.51384306,1
13268,0,0.43639344,0
13269,0,0.40328172,0
13270,0,0.48528606,0
13277,0,0.19963457,0
13285,0,0.48571044,0
13297,0,0.4777585,0
13316,0,0.5009762,1
13325,0,0.5757361,1
13326,0,0.30928007,0
13328,0,0.3361418,0
13331,0,0.35066006,0
13333,0,0.16313797,0
13337,0,0.54526925,1
13356,0,0.3085706,0
13361,0,0.56589675,1
13362,0,0.4266836,0
13364,0,0.36168975,0
13365,0,0.42767432,0
13366,0,0.28919998,0
13370,0,0.4021053,0
13378,0,0.30278766,0
13383,0,0.35178798,0
13386,0,0.34444442,0
13396,0,0.3524653,0
13399,0,0.2930602,0
13404,0,0.32075602,0
13415,0,0.35190395,0
13420,0,0.27280566,0
13436,0,0.26320288,0
13440,0,0.34156936,0
13442,0,0.37903255,0
13445,0,0.4345468,0
13446,0,0.32672554,0
13451,0,0.320619,0
13452,0,0.2998728,0
13458,1,0.31865233,0
13460,0,0.35416853,0
13473,1,0.48455766,0
13478,0,0.47692537,0
13488,0,0.29981986,0
13493,0,0.3990748,0
13495,0,0.3102992,0
13500,0,0.5091699,1
13502,0,0.2801286,0
13509,0,0.22891743,0
13518,0,0.30023402,0
13520,0,0.3632331,0
13522,0,0.31030738,0
13526,0,0.36926758,0
13527,0,0.56892025,1
13529,0,0.2337945,0
13537,0,0.2909122,0
13548,0,0.3832483,0
13572,0,0.30471468,0
13577,0,0.12336689,0
13579,0,0.47878864,0
13589,0,0.4147912,0
13596,0,0.34668553,0
13598,0,0.37258992,0
13603,0,0.29354966,0
13611,0,0.4697011,0
13634,0,0.4194804,0
13635,0,0.23179083,0
13644,0,0.12249974,0
13660,0,0.4438588,0
13664,0,0.115703456,0
13672,0,0.16199222,0
13673,0,0.27510962,0
13691,0,0.35633105,0
13699,0,0.41077355,0
13701,1,0.57043403,1
13705,0,0.34429112,0
13707,0,0.24102333,0
13721,1,0.44593102,0
13734,0,0.28325063,0
13755,0,0.35245755,0
13759,1,0.40304574,0
13762,0,0.4265762,0
13763,0,0.29386857,0
13764,0,0.5076144,1
13765,0,0.29152325,0
13769,0,0.5246214,1
13772,0,0.31819516,0
13780,0,0.46603274,0
13787,0,0.42236418,0
13793,0,0.5507501,1
13794,0,0.5353519,1
13797,0,0.4046612,0
13798,0,0.36121514,0
13802,0,0.49703318,0
13807,1,0.2796682,0
13816,0,0.27766284,0
13819,0,0.36052662,0
13821,0,0.36998582,0
13831,1,0.4166601,0
13838,0,0.38697767,0
13840,0,0.29969466,0
13841,0,0.28915766,0
13848,0,0.25129718,0
13859,0,0.47578818,0
13860,0,0.3853872,0
13861,0,0.347185,0
13866,0,0.27764377,0
13868,0,0.47562793,0
13871,0,0.5162989,1
13872,0,0.35929123,0
13873,0,0.28902635,0
13879,0,0.34076408,0
13882,0,0.35629958,0
13896,0,0.26344675,0
13897,0,0.19982624,0
13906,0,0.35046113,0
13917,0,0.32668275,0
13920,0,0.36910143,0
13923,0,0.616468,1
13932,1,0.5821038,1
13938,0,0.36485666,0
13939,0,0.49104625,0
13941,0,0.34318644,0
13953,0,0.38344872,0
13954,0,0.4466079,0
13957,0,0.31462857,0
13965,0,0.17953211,0
13966,0,0.4826763,0
13972,0,0.25478452,0
13973,0,0.41421673,0
13976,0,0.34584907,0
13982,0,0.21581662,0
13984,0,0.26469368,0
13986,1,0.55862105,1
13989,0,0.40927196,0
13994,0,0.246532,0
14005,0,0.64429235,1
14015,0,0.24508613,0
14016,0,0.365719,0
14021,0,0.28876165,0
14029,0,0.56630903,1
14043,0,0.30534697,0
14045,0,0.23834653,0
14052,0,0.352055,0
14070,0,0.32427606,0
14073,0,0.37494263,0
14087,0,0.37070704,0
14093,0,0.32925984,0
14095,0,0.2993639,0
14097,0,0.43872976,0
14098,0,0.39175326,0
14099,0,0.38319817,0
14113,0,0.26954502,0
14119,0,0.4138623,0
14123,0,0.25168616,0
14133,0,0.1278556,0
14138,0,0.24691069,0
14150,1,0.31077966,0
14158,0,0.27460486,0
14162,0,0.39968222,0
14171,0,0.2917609,0
14174,0,0.2718363,0
14188,0,0.36751983,0
14212,0,0.4882556,0
14217,1,0.3925238,0
14228,0,0.26256344,0
14229,0,0.30142874,0
14231,0,0.3357812,0
14232,0,0.39248952,0
14236,0,0.27661407,0
14245,0,0.53552157,1
14262,0,0.3306205,0
14263,0,0.33011544,0
14266,0,0.2508023,0
14267,0,0.31706324,0
14279,0,0.22117923,0
14281,0,0.26082647,0
14294,0,0.2655725,0
14296,0,0.33328417,0
14313,0,0.5773329,1
14314,0,0.46257067,0
14317,0,0.48076022,0
14332,0,0.27250475,0
14342,0,0.32325077,0
14344,0,0.34722456,0
14345,0,0.25493822,0
14347,0,0.38505706,0
14353,1,0.34725526,0
14360,0,0.4441206,0
14362,0,0.4123821,0
14366,0,0.32961017,0
14368,0,0.21932437,0
14385,0,0.34348986,0
14392,0,0.29599753,0
14402,0,0.29603752,0
14408,0,0.24936883,0
14409,0,0.446119,0
14412,0,0.2168844,0
14415,0,0.33867198,0
14426,0,0.3741075,0
14428,0,0.50563544,1
14430,0,0.31618124,0
14431,0,0.3618534,0
14434,0,0.16161433,0
14443,0,0.5378501,1
14447,0,0.43107083,0
14451,0,0.30464986,0
14453,0,0.6083308,1
14462,0,0.18075037,0
14466,0,0.18477459,0
14467,0,0.40993756,0
14492,0,0.26298335,0
14496,0,0.5074068,1
14501,0,0.24594866,0
14505,0,0.2114858,0
14507,0,0.3235458,0
14509,0,0.11474085,0
14512,0,0.2720443,0
14515,0,0.3147086,0
14517,0,0.4406449,0
14518,0,0.3879885,0
14534,0,0.34189895,0
14545,0,0.55687857,1
14566,0,0.5318018,1
14571,0,0.2917333,0
14588,0,0.12516038,0
14595,0,0.2390363,0
14599,0,0.49315035,0
14600,0,0.41427466,0
14602,0,0.37148917,0
14617,0,0.23614635,0
14622,0,0.28929758,0
14635,0,0.3388532,0
14640,0,0.5677088,1
14649,1,0.27757305,0
14651,0,0.4524924,0
14663,0,0.6449164,1
14664,0,0.31353897,0
14672,0,0.51339495,1
14684,0,0.5599237,1
14689,0,0.26779562,0
14697,0,0.48129985,0
14702,0,0.3929404,0
14704,0,0.3458608,0
14707,0,0.42968655,0
14708,0,0.3835077,0
14710,0,0.60764575,1
14714,0,0.4123302,0
14723,0,0.52187866,1
14724,1,0.4207957,0
14732,0,0.32862365,0
14733,0,0.48619685,0
14747,0,0.19255197,0
14751,0,0.36043096,0
14756,0,0.3080684,0
14760,1,0.5158553,1
14761,0,0.3335424,0
14762,0,0.3679131,0
14763,0,0.3724635,0
14769,0,0.3169328,0
14773,0,0.37981108,0
14774,0,0.28985548,0
14787,0,0.31463337,0
14795,0,0.35297585,0
14806,0,0.26597008,0
14808,0,0.2294259,0
14829,1,0.35031387,0
14834,0,0.46387148,0
14840,0,0.39342162,0
14849,0,0.29862246,0
14850,0,0.3644855,0
14861,0,0.42512137,0
14871,1,0.29290733,0
14872,0,0.21041395,0
14873,0,0.22952281,0
14875,0,0.32268754,0
14876,0,0.2604682,0
14877,0,0.38032877,0
14890,0,0.5455929,1
14899,0,0.25956962,0
14900,0,0.3268875,0
14917,0,0.29864323,0
14921,0,0.37824726,0
14929,0,0.35777497,0
14930,0,0.35859174,0
14944,0,0.40665683,0
14955,0,0.35141647,0
14957,0,0.3394366,0
14963,0,0.46884894,0
14969,0,0.17783682,0
14974,0,0.6043005,1
14984,0,0.34961185,0
14993,0,0.6657115,1
14996,0,0.21199362,0
15002,0,0.38601893,0
15007,0,0.32741922,0
15025,0,0.28389782,0
15026,0,0.20051466,0
15032,0,0.2194061,0
15055,0,0.35321903,0
15076,0,0.3230303,0
15077,0,0.301411,0
15092,1,0.4506232,0
15103,0,0.2794718,0
15106,0,0.4869638,0
15112,0,0.21870525,0
15121,0,0.19616696,0
15123,0,0.4031369,0
15126,0,0.3398192,0
15128,0,0.44732296,0
15132,0,0.3149336,0
15137,0,0.49610993,0
15161,0,0.32304832,0
15163,0,0.42070812,0
15166,0,0.37666446,0
15168,0,0.2608672,0
15177,0,0.26226553,0
15181,0,0.20492668,0
15189,0,0.44030777,0
15231,0,0.28965637,0
15234,0,0.38148242,0
15241,0,0.24368522,0
15271,0,0.46537048,0
15273,0,0.38092765,0
15283,0,0.37723866,0
15288,0,0.21717097,0
15304,0,0.34838533,0
15313,0,0.24290746,0
15324,0,0.22430815,0
15328,0,0.21353257,0
15333,0,0.3844487,0
15336,0,0.26742053,0
15337,0,0.45400625,0
15353,0,0.51727617,1
15361,0,0.21807072,0
15362,0,0.4473892,0
15364,0,0.34414572,0
15370,0,0.49877504,0
15388,0,0.19651307,0
15396,0,0.46850613,0
15398,0,0.30015203,0
15426,0,0.29238096,0
15451,1,0.34924287,0
15457,0,0.28933376,0
15463,0,0.37551233,0
15477,0,0.23469895,0
15480,0,0.44329894,0
15484,0,0.19613935,0
15490,0,0.4858067,0
15497,0,0.47750422,0
15498,0,0.3036952,0
15510,1,0.4304856,0
15521,0,0.27946052,0
15533,0,0.37235186,0
15557,0,0.2655628,0
15558,0,0.46627215,0
15569,0,0.2568894,0
15573,0,0.34597373,0
15590,0,0.5725423,1
15599,0,0.41311067,0
15620,0,0.28302374,0
15653,0,0.3475651,0
15655,0,0.17639363,0
15665,0,0.40440857,0
15683,0,0.2821963,0
15691,0,0.46215126,0
15694,0,0.2945572,0
15696,0,0.3677559,0
15700,0,0.17476779,0
15706,0,0.29796833,0
15708,0,0.34297058,0
15710,0,0.30692607,0
15715,0,0.12542397,0
15722,1,0.25521478,0
15724,0,0.42854932,0
15738,0,0.25073954,0
15743,0,0.2542546,0
15748,1,0.28060523,0
15750,0,0.36114705,0
15757,0,0.4375908,0
15761,0,0.3067735,0
15767,0,0.24812712,0
15768,0,0.26268604,0
15782,0,0.4405498,0
15793,0,0.25000134,0
15794,1,0.32755315,0
15800,0,0.17938426,0
15803,0,0.26296487,0
15808,0,0.37086314,0
15820,0,0.32146034,0
15824,0,0.36545536,0
15832,0,0.35987797,0
15833,0,0.17825487,0
15834,0,0.23465689,0
15841,0,0.3195131,0
15851,0,0.28388575,0
15852,0,0.33557084,0
15859,0,0.3206095,0
15870,0,0.28897732,0
15871,0,0.36569756,0
15887,0,0.3944148,0
15889,0,0.23637782,0
15893,0,0.47241607,0
15897,0,0.25171438,0
15903,0,0.43003595,0
15904,0,0.43376714,0
15906,1,0.43949834,0
15913,0,0.24854608,0
15916,0,0.30594745,0
15919,0,0.40965816,0
15928,0,0.34048417,0
15937,0,0.19309902,0
15940,0,0.43442133,0
15943,0,0.14275078,0
15961,0,0.27301106,0
15976,0,0.18948002,0
15999,0,0.12892663,0
16002,0,0.51614565,1
16005,0,0.17282726,0
16008,0,0.2783955,0
16013,0,0.23639774,0
16019,0,0.2578913,0
16020,0,0.24031769,0
16021,0,0.24585639,0
16036,0,0.30018377,0
16043,0,0.28791657,0
16049,0,0.3688535,0
16051,0,0.3399573,0
16053,0,0.54951346,1
16054,0,0.3814221,0
16060,0,0.3949085,0
16061,0,0.36817804,0
16063,0,0.36335164,0
16065,0,0.3624674,0
16068,0,0.3373459,0
16074,0,0.18006264,0
16081,0,0.45495185,0
16085,0,0.22361869,0
16096,0,0.23587316,0
16103,0,0.46897855,0
16117,0,0.4127694,0
16119,0,0.39465135,0
16133,0,0.52823925,1
16134,0,0.18863171,0
16144,0,0.44935593,0
16147,0,0.33126932,0
16148,0,0.414221,0
16153,0,0.22188877,0
16172,0,0.48879147,0
16177,0,0.4623402,0
16186,0,0.3781376,0
16189,0,0.39638078,0
16193,0,0.27807537,0
16201,0,0.5470724,1
16213,0,0.3229645,0
16216,0,0.3899182,0
16217,0,0.29584977,0
16219,0,0.21695039,0
16225,0,0.1939767,0
16227,0,0.31231925,0
16234,0,0.337988,0
16243,0,0.27668267,0
16279,0,0.42902425,0
16282,0,0.27491575,0
16285,0,0.21236044,0
16286,0,0.29554215,0
16291,1,0.41319636,0
16294,0,0.33672845,0
16298,0,0.41293663,0
16301,0,0.12175226,0
16302,0,0.11578498,0
16311,0,0.50585145,1
16314,0,0.30643538,0
16317,0,0.18691085,0
16318,0,0.24102935,0
16335,0,0.22601533,0
16347,0,0.6687983,1
16355,0,0.4163729,0
16358,0,0.34823507,0
16371,0,0.35096493,0
16377,0,0.37114236,0
16386,0,0.25785765,0
16407,0,0.24403192,0
16413,0,0.18011093,0
16432,0,0.23702997,0
16444,0,0.32841736,0
16447,0,0.13640702,0
16467,0,0.27903482,0
16471,1,0.27070776,0
16481,0,0.42130694,0
16491,0,0.20709074,0
16492,0,0.17596053,0
16509,0,0.100408986,0
16510,0,0.2843744,0
16514,0,0.39961386,0
16520,0,0.35817194,0
16532,0,0.40421754,0
16537,0,0.3486452,0
16558,0,0.39488468,0
16570,0,0.24966535,0
16573,0,0.24788357,0
16579,0,0.28160948,0
16581,0,0.22165106,0
16582,0,0.34759492,0
16590,0,0.29470924,0
16593,0,0.39352793,0
16601,0,0.17199168,0
16605,0,0.3352231,0
16606,0,0.3805963,0
16611,0,0.1969779,0
16615,0,0.28969103,0
16617,0,0.34068653,0
16621,0,0.6412875,1
16626,0,0.13332379,0
16630,0,0.18909822,0
16633,0,0.3133795,0
16653,0,0.30616203,0
16655,0,0.38633272,0
16656,0,0.20940776,0
16657,0,0.28087246,0
16658,0,0.1661653,0
16664,0,0.27851605,0
16671,0,0.12455632,0
16675,0,0.1532084,0
16680,0,0.3237367,0
16688,0,0.28719324,0
16703,0,0.3135899,0
16713,0,0.37706742,0
16727,0,0.23124863,0
16730,0,0.21804838,0
16740,0,0.5199717,1
16746,0,0.2597859,0
16748,0,0.30193156,0
16750,0,0.22188993,0
16752,0,0.29010987,0
16757,0,0.36419824,0
16764,0,0.55031794,1
16769,0,0.2815388,0
16770,0,0.50304013,1
16778,0,0.33601755,0
16791,0,0.349636,0
16794,0,0.3025334,0
16800,0,0.19014518,0
16810,0,0.36468008,0
16815,0,0.23762766,0
16817,0,0.18577683,0
16819,0,0.14026129,0
16828,0,0.3781201,0
16840,0,0.31173274,0
16851,0,0.15250443,0
16857,0,0.21402971,0
16863,0,0.44577503,0
16864,1,0.45534644,0
16871,1,0.31227413,0
16886,0,0.3369116,0
16897,1,0.2695769,0
16899,0,0.32585236,0
16906,0,0.25208712,0
16913,0,0.30079934,0
16922,0,0.31018457,0
16933,0,0.18754451,0
16947,0,0.16159606,0
16954,0,0.3100209,0
16955,0,0.28545156,0
16968,0,0.20584886,0
16976,0,0.41569093,0
16986,0,0.3683439,0
16991,0,0.43440557,0
16993,0,0.22768386,0
16994,0,0.47381097,0
16997,0,0.25399578,0
17002,0,0.2937357,0
17007,0,0.36048493,0
17010,0,0.2858013,0
17027,0,0.264665,0
17033,0,0.1513952,0
17057,0,0.1774425,0
17063,0,0.18139753,0
17064,0,0.23901173,0
17074,0,0.2077697,0
17076,0,0.36835736,0
17086,0,0.19185495,0
17087,1,0.23043863,0
17091,0,0.28980884,0
17094,1,0.18446448,0
17101,0,0.26811442,0
17103,0,0.28505418,0
17104,1,0.09444946,0
17106,0,0.2730547,0
17109,0,0.32041958,0
17112,0,0.30348945,0
17125,0,0.32673997,0
17129,0,0.36459154,0
17136,0,0.2634485,0
17137,0,0.2899862,0
17140,0,0.05136144,0
17155,0,0.3664845,0
17157,0,0.24931487,0
17158,0,0.061213966,0
17167,0,0.20162868,0
17185,0,0.40404004,0
17191,0,0.21643727,0
17192,0,0.24200264,0
17201,0,0.3173881,0
17204,0,0.23366375,0
17206,0,0.11878037,0
17214,0,0.18112454,0
17216,0,0.59060365,1
17244,0,0.14470151,0
17245,1,0.24022442,0
17248,0,0.31525248,0
17253,0,0.22164783,0
17261,0,0.3346234,0
17268,0,0.26888692,0
17278,0,0.179892,0
17300,0,0.21480338,0
17306,0,0.08272874,0
17312,0,0.23019673,0
17318,0,0.20279174,0
17340,0,0.20403932,0
17343,0,0.26969337,0
17385,0,0.1826108,0
17389,0,0.2386978,0
17394,0,0.21780516,0
17406,0,0.30753198,0
17412,0,0.27087918,0
17421,0,0.33545172,0
17423,0,0.20148246,0
17424,0,0.21067779,0
17430,0,0.2282933,0
17440,0,0.16798998,0
17442,0,0.49767488,0
17448,0,0.21879022,0
17452,0,0.28348443,0
17456,0,0.4040163,0
17459,0,0.15969712,0
17471,0,0.32499897,0
17479,0,0.28544953,0
17483,0,0.24196756,0
17486,0,0.22546516,0
17494,0,0.3770351,0
17496,0,0.104136124,0
17505,0,0.24247178,0
17514,0,0.25813448,0
17523,0,0.30236104,0
17524,0,0.49218556,0
17529,0,0.22707278,0
17537,0,0.21083315,0
17540,0,0.42026865,0
17549,0,0.36394715,0
17556,0,0.23633333,0
17571,0,0.3323214,0
17582,0,0.35302827,0
17589,0,0.31705877,0
17590,0,0.47570485,0
17598,0,0.26629242,0
17619,0,0.07190622,0
17627,0,0.24231814,0
17632,0,0.18181175,0
17634,0,0.3504965,0
17644,0,0.16679297,0
17646,0,0.24592234,0
17649,0,0.4114244,0
17658,0,0.19462404,0
17659,0,0.39732182,0
17662,0,0.19586287,0
17665,0,0.37387145,0
17696,0,0.23569347,0
17706,0,0.39036942,0
17709,1,0.41446838,0
17711,0,0.19619723,0
17719,0,0.2331422,0
17726,0,0.14379027,0
17733,0,0.26773468,0
17734,0,0.09154682,0
17744,0,0.24547824,0
17745,0,0.33077905,0
17746,0,0.17142327,0
17747,0,0.29617777,0
17752,0,0.3273434,0
17755,0,0.33534878,0
17768,0,0.31573957,0
17778,0,0.28376207,0
17780,1,0.18602543,0
17782,0,0.24419415,0
17785,0,0.2578946,0
17790,0,0.2632268,0
17794,1,0.42422345,0
17798,0,0.23160607,0
17802,0,0.16994748,0
17807,0,0.23327915,0
17811,0,0.28266665,0
17814,0,0.14749427,0
17822,0,0.41406593,0
17832,0,0.2833447,0
17835,0,0.1873685,0
17838,0,0.34792942,0
17850,0,0.16134243,0
17851,0,0.15349135,0
17862,0,0.2735072,0
17863,0,0.20966557,0
17868,0,0.25364155,0
17870,1,0.3365896,0
17882,0,0.27148396,0
17891,0,0.4938355,0
17895,0,0.26675957,0
17896,0,0.31103414,0
17904,0,0.27397212,0
17905,0,0.31314108,0
17908,0,0.43586105,0
17913,0,0.16660053,0
17917,0,0.29810405,0
17923,0,0.28871703,0
17927,0,0.2541366,0
17930,0,0.36743465,0
17938,0,0.21303591,0
17943,0,0.3215178,0
17944,0,0.2794191,0
17954,0,0.1451666,0
17959,0,0.16759078,0
17973,0,0.2933405,0
17974,0,0.24566883,0
17975,0,0.4880104,0
17982,0,0.23963335,0
17986,0,0.16389987,0
17998,0,0.24445868,0
17999,0,0.2797512,0
18007,0,0.38672668,0
18008,0,0.20025018,0
18026,1,0.4199097,0
18027,0,0.21493965,0
18042,1,0.09573333,0
18047,1,0.24556188,0
18049,0,0.41268694,0
18050,1,0.5433523,1
18066,0,0.32807016,0
18070,0,0.44110632,0
18073,0,0.3171593,0
18077,0,0.27612558,0
18084,0,0.36584803,0
18086,0,0.29970315,0
18088,0,0.15616068,0
18097,0,0.41618747,0
18100,0,0.3244204,0
18114,0,0.57013077,1
18120,0,0.20039773,0
18124,0,0.5459639,1
18138,0,0.40339428,0
18140,0,0.3892444,0
18144,0,0.19374922,0
18150,0,0.34200385,0
18156,0,0.265753,0
18164,0,0.19450589,0
18171,1,0.35030168,0
18176,0,0.22658296,0
18184,0,0.14708444,0
18190,0,0.25924525,0
18191,0,0.22186196,0
18196,0,0.18254146,0
18199,0,0.5075112,1
18211,0,0.17040025,0
18216,1,0.2763989,0
18217,0,0.26932675,0
18220,0,0.20888181,0
18232,0,0.03344582,0
18233,0,0.44464713,0
18252,0,0.13381203,0
18256,0,0.3169039,0
18260,0,0.24932078,0
18271,0,0.27738506,0
18285,0,0.26368782,0
18301,0,0.26824117,0
18305,0,0.1865472,0
18310,1,0.51336515,1
18316,0,0.35008898,0
18328,0,0.18930468,0
18332,0,0.19557731,0
18334,0,0.39678892,0
18335,0,0.49254334,0
18339,0,0.2534057,0
18340,0,0.21870057,0
18356,0,0.25328517,0
18366,0,0.23978435,0
18382,1,0.33219355,0
18390,0,0.20253399,0
18392,0,0.33946374,0
18395,0,0.20577982,0
18399,0,0.22675213,0
18402,0,0.19899224,0
18403,0,0.408778,0
18404,0,0.6240914,1
18414,0,0.1186198,0
18415,0,0.19254561,0
18419,0,0.30462396,0
18421,0,0.12899518,0
18430,0,0.019851815,0
18436,0,0.1877514,0
18444,0,0.20537694,0
18445,0,0.2685243,0
18456,0,0.3571775,0
18458,0,0.321494,0
18460,0,0.6012737,1
18464,0,0.20729584,0
18471,0,0.2851415,0
18473,0,0.26432374,0
18481,0,0.19078052,0
18503,0,0.39715108,0
18506,0,0.37338597,0
18509,0,0.18425675,0
18524,0,0.14118636,0
18529,0,0.2970701,0
18545,0,0.26203728,0
18549,0,0.27099144,0
18564,0,0.30537644,0
18569,0,0.25411046,0
18577,0,0.35929635,0
18582,0,0.2614889,0
18592,0,0.039771616,0
18601,0,0.2247999,0
18608,0,0.10737062,0
18610,0,0.2407155,0
18628,0,0.17088419,0
18634,0,0.051118277,0
18656,0,0.2981945,0
18668,0,0.13541721,0
18677,0,0.26895982,0
18687,0,0.23992842,0
18697,0,0.040989652,0
18722,0,0.53466254,1
18724,0,0.025766734,0
18727,0,0.4436554,0
18728,0,0.169967,0
18747,0,0.2778558,0
18760,0,0.3820548,0
18761,0,0.35537046,0
18769,0,0.1899994,0
18780,1,0.3001502,0
18782,0,0.016358424,0
18790,0,0.39225087,0
18797,0,0.27150458,0
18831,0,0.5920177,1
18837,0,0.53491426,1
18847,0,0.6069988,1
18863,0,0.15223232,0
18864,0,0.51337624,1
18867,0,0.4188957,0
18873,0,0.24111068,0
18882,0,0.50102806,1
18887,0,0.52575415,1
18896,0,0.47559288,0
18903,0,0.46503118,0
18907,0,0.52577287,1
18908,0,0.42701197,0
18917,0,0.40540445,0
18920,0,0.66471314,1
18935,0,0.44683945,0
18940,0,0.5788714,1
18950,0,0.3233454,0
18952,0,0.58137953,1
18955,0,0.529374,1
18956,1,0.59256977,1
18966,0,0.43152076,0
18970,0,0.47781098,0
18973,0,0.38884544,0
18983,0,0.47900638,0
18986,0,0.60818833,1
18989,0,0.70304877,1
18996,0,0.47449067,0
19007,0,0.5940298,1
19026,0,0.31272274,0
19032,0,0.48277092,0
19036,0,0.35625353,0
19041,0,0.524386,1
19051,0,0.3016663,0
19057,0,0.46747288,0
19062,1,0.33156645,0
19065,0,0.28252095,0
19072,0,0.4383089,0
19088,0,0.59087694,1
19091,0,0.35412654,0
19092,0,0.33742848,0
19093,0,0.38175052,0
19094,1,0.56536305,1
19117,1,0.39019954,0
19123,0,0.5334393,1
19124,0,0.48030514,0
19126,0,0.45174947,0
19129,0,0.6174626,1
19131,0,0.5430151,1
19140,0,0.44315973,0
19145,0,0.35757825,0
19153,0,0.52343595,1
19164,0,0.51650524,1
19167,0,0.43813106,0
19170,0,0.4999783,0
19171,0,0.36339498,0
19172,0,0.46128896,0
19174,0,0.46414685,0
19182,0,0.6537788,1
19185,0,0.48195118,0
19189,0,0.5628604,1
19193,0,0.19996995,0
19195,0,0.36112186,0
19229,0,0.30099148,0
19233,0,0.44251153,0
19269,0,0.2631446,0
19279,0,0.40520236,0
19280,0,0.24829812,0
19282,1,0.320577,0
19314,0,0.2324321,0
19320,0,0.29611096,0
19330,0,0.29139644,0
19335,0,0.46906355,0
19343,0,0.45679972,0
19351,0,0.28257105,0
19358,0,0.4327189,0
19365,0,0.34985036,0
19378,0,0.5506073,1
19382,0,0.33908355,0
19384,0,0.33583552,0
19402,0,0.3008677,0
19407,0,0.33403242,0
19413,0,0.42650786,0
19415,0,0.42824104,0
19433,0,0.5693842,1
19435,0,0.2615391,0
19439,0,0.3157177,0
19442,0,0.46036297,0
19452,0,0.38306245,0
19459,0,0.22221775,0
19465,0,0.5889466,1
19470,0,0.36297634,0
19477,0,0.4469743,0
19478,0,0.2479905,0
19486,0,0.21853551,0
19494,0,0.3013831,0
19507,0,0.29718217,0
19509,0,0.49639648,0
19512,0,0.33829686,0
19516,0,0.6231374,1
19541,0,0.49623287,0
19544,0,0.5164225,1
19559,0,0.4578929,0
19562,0,0.42793688,0
19566,0,0.41281807,0
19578,0,0.44446775,0
19583,0,0.25837153,0
19589,0,0.24918607,0
19591,0,0.3475414,0
19595,0,0.36868864,0
19602,0,0.46150205,0
19613,1,0.65706867,1
19615,0,0.38524148,0
19635,0,0.5430602,1
19637,0,0.3842879,0
19642,0,0.3875163,0
19649,0,0.47965172,0
19657,0,0.551934,1
19660,0,0.4833787,0
19667,0,0.49149135,0
19675,0,0.38952032,0
19676,0,0.15836376,0
19686,0,0.41200718,0
19690,1,0.5705662,1
19692,0,0.46936774,0
19697,0,0.489296,0
19702,0,0.54624164,1
19703,0,0.48552456,0
19710,0,0.4114032,0
19724,0,0.61760867,1
19726,0,0.37343156,0
19735,0,0.33904827,0
19738,0,0.31954286,0
19741,0,0.2805661,0
19757,1,0.43610007,0
19759,0,0.2800234,0
19760,0,0.29262936,0
19762,0,0.4514407,0
19764,1,0.46610472,0
19765,0,0.57123286,1
19768,0,0.46011078,0
19790,0,0.35733664,0
19804,0,0.2836348,0
19809,0,0.45842123,0
19818,0,0.29106104,0
19822,0,0.32253242,0
19828,0,0.37084267,0
19831,0,0.550443,1
19833,1,0.40145224,0
19838,0,0.31938592,0
19845,0,0.5024879,1
19859,0,0.42695853,0
19867,0,0.4495229,0
19868,0,0.3727619,0
19886,1,0.4751937,0
19888,1,0.573821,1
19891,0,0.4201311,0
19892,0,0.47465026,0
19897,0,0.4331507,0
19899,0,0.4266119,0
19902,0,0.5607542,1
19915,0,0.5373578,1
19931,0,0.2866895,0
19941,0,0.39998376,0
19942,0,0.33167997,0
19960,0,0.5420728,1
19974,0,0.442279,0
19979,0,0.43608955,0
19988,0,0.39456296,0
19990,0,0.2119192,0
19995,0,0.5446886,1
19999,0,0.2556718,0
20015,0,0.51674587,1
20022,0,0.441756,0
20024,0,0.37874907,0
20025,0,0.39418903,0
20026,0,0.56496954,1
20048,0,0.30687127,0
20050,0,0.48570517,0
20055,0,0.32553235,0
20061,0,0.2751954,0
20063,0,0.20726824,0
20078,0,0.34792867,0
20082,1,0.5687644,1
20087,0,0.50372404,1
20089,0,0.38809785,0
20091,0,0.38963172,0
20095,0,0.36992222,0
20097,0,0.24089496,0
20100,0,0.32069355,0
20104,0,0.38706568,0
20110,0,0.29039547,0
20117,0,0.37247753,0
20120,0,0.21526454,0
20124,0,0.38193548,0
20133,0,0.498623,0
20134,0,0.3212426,0
20138,0,0.55179083,1
20151,0,0.42281035,0
20153,0,0.41243112,0
20164,0,0.38097736,0
20165,0,0.40991864,0
20166,0,0.4082589,0
20168,0,0.40364128,0
20173,0,0.31058595,0
20174,0,0.4206463,0
20185,0,0.53983444,1
20187,0,0.32883713,0
20190,0,0.39760447,0
20191,0,0.3472894,0
20192,0,0.3705511,0
20193,0,0.4448257,0
20198,0,0.40282255,0
20204,0,0.4234508,0
20207,0,0.33116776,0
20219,0,0.4415589,0
20227,1,0.47800314,0
20235,0,0.33773977,0
20264,0,0.36777544,0
20265,0,0.28788897,0
20276,0,0.25785428,0
20279,0,0.44586214,0
20282,0,0.21549726,0
20292,0,0.26703063,0
20306,0,0.34731346,0
20312,0,0.5817672,1
20317,0,0.2830457,0
20328,0,0.5516558,1
20333,0,0.43689898,0
20337,0,0.35230353,0
20351,0,0.49091774,0
20352,0,0.4359632,0
20370,0,0.4114664,0
20372,1,0.3555066,0
20373,0,0.5306227,1
20378,0,0.32143635,0
20389,0,0.5106392,1
20393,0,0.4864543,0
20400,1,0.3952142,0
20402,0,0.63471854,1
20418,0,0.38834468,0
20420,0,0.34639356,0
20422,0,0.47386798,0
20433,0,0.54634094,1
20461,0,0.38912833,0
20462,0,0.38934848,0
20474,0,0.45759642,0
20479,0,0.35481885,0
20481,0,0.23918867,0
20482,0,0.5439072,1
20491,0,0.4011912,0
20500,0,0.33924973,0
20509,1,0.35707843,0
20514,0,0.23212579,0
20516,0,0.37182966,0
20517,0,0.5178015,1
20518,0,0.39316902,0
20520,0,0.27963305,0
20532,0,0.34792027,0
20535,0,0.48537302,0
20539,0,0.33060876,0
20547,0,0.34095684,0
20561,0,0.49265793,0
20566,0,0.43752038,0
20569,1,0.34635177,0
20570,0,0.21132822,0
20581,0,0.4567073,0
20582,0,0.10083451,0
20588,0,0.48696312,0
20592,0,0.3604123,0
20593,0,0.40955976,0
20597,0,0.4062769,0
20598,0,0.327809,0
20612,0,0.46227354,0
20619,1,0.47190505,0
20623,0,0.47279453,0
20631,1,0.2723086,0
20650,0,0.37297848,0
20673,0,0.5475787,1
20688,0,0.42890307,0
20694,0,0.27660796,0
20701,0,0.4488497,0
20731,1,0.2657795,0
20742,0,0.24483044,0
20746,1,0.48163798,0
20755,0,0.42657867,0
20762,0,0.31682262,0
20772,0,0.31260473,0
20775,0,0.49344712,0
20776,0,0.35166112,0
20777,0,0.32553953,0
20781,0,0.25899273,0
20784,0,0.46582973,0
20791,0,0.538225,1
20809,0,0.26973048,0
20811,1,0.2659317,0
20829,0,0.44815072,0
20838,0,0.2357077,0
20840,0,0.40305066,0
20847,0,0.28495562,0
20861,0,0.4643406,0
20879,0,0.49641386,0
20880,0,0.289007,0
20885,0,0.33123806,0
20888,0,0.56946754,1
20903,0,0.4130499,0
20907,0,0.29380164,0
20912,0,0.23653856,0
20923,0,0.26919082,0
20929,0,0.48756447,0
20932,0,0.29415932,0
20935,1,0.4143104,0
20941,0,0.24991837,0
20942,0,0.41481575,0
20944,0,0.5162163,1
20946,0,0.30691308,0
20951,0,0.47338054,0
20954,0,0.3340625,0
20962,0,0.41454318,0
20965,0,0.3568492,0
20973,0,0.39090964,0
20981,0,0.3593145,0
20988,0,0.43417543,0
20992,0,0.5279464,1
21004,1,0.37398914,0
21007,0,0.45591083,0
21013,0,0.35113382,0
21019,0,0.38173696,0
21038,0,0.43662265,0
21052,0,0.54412526,1
21075,0,0.30449232,0
21082,0,0.32468936,0
21101,0,0.3881329,0
21105,0,0.14480506,0
21108,0,0.31412777,0
21109,0,0.2339259,0
21111,0,0.33411196,0
21117,1,0.21384397,0
21120,0,0.2632338,0
21123,0,0.35953853,0
21127,0,0.23962265,0
21128,0,0.23118514,0
21139,0,0.20313808,0
21144,0,0.4434735,0
21145,0,0.2511066,0
21148,0,0.17791146,0
21149,0,0.58541596,1
21152,0,0.1982873,0
21153,0,0.26332834,0
21161,0,0.4599548,0
21162,0,0.20690408,0
21164,0,0.395783,0
21179,0,0.47302637,0
21181,0,0.22557096,0
21194,0,0.26739946,0
21197,0,0.40347996,0
21212,1,0.32078,0
21223,0,0.15619336,0
21233,0,0.22151761,0
21251,0,0.32545605,0
21253,0,0.18850128,0
21256,0,0.26438823,0
21258,0,0.19978626,0
21262,0,0.3290037,0
21267,0,0.3058133,0
21276,0,0.4125412,0
21278,0,0.24172543,0
21279,0,0.3577578,0
21280,0,0.17922866,0
21295,0,0.36867493,0
21297,0,0.26362664,0
21303,0,0.25468764,0
21315,0,0.39156044,0
21316,0,0.27073717,0
21318,0,0.26036575,0
21335,0,0.37447336,0
21341,0,0.109609686,0
21342,0,0.33387533,0
21353,0,0.43805996,0
21359,0,0.14173043,0
21360,0,0.53745407,1
21374,0,0.15691094,0
21375,0,0.4202887,0
21386,0,0.3146875,0
21398,0,0.35949206,0
21404,0,0.16011125,0
21409,0,0.37082714,0
21412,0,0.32326403,0
21422,1,0.3379138,0
21426,0,0.29444057,0
21431,0,0.2195761,0
21435,0,0.27301764,0
21445,0,0.33079702,0
21450,0,0.40989605,0
21452,0,0.18381275,0
21454,0,0.41613683,0
21463,0,0.269873,0
21466,0,0.33245248,0
21469,0,0.33586407,0
21480,0,0.33549413,0
21489,0,0.15569763,0
21506,0,0.15278754,0
21507,0,0.4342407,0
21508,0,0.22618514,0
21510,0,0.22078672,0
21522,0,0.15569763,0
21527,0,0.31241935,0
21536,0,0.14970367,0
21537,0,0.21710484,0
21546,0,0.26025563,0
21572,0,0.24970376,0
21584,0,0.2886083,0
21610,0,0.31927243,0
21612,0,0.30719864,0
21620,1,0.30790004,0
21628,0,0.30368268,0
21631,0,0.19245593,0
21634,0,0.28571802,0
21637,0,0.3918896,0
21641,0,0.2871762,0
21645,0,0.19065736,0
21648,0,0.2991629,0
21649,0,0.35412824,0
21654,0,0.22379313,0
21655,0,0.17863904,0
21656,0,0.18507566,0
21665,0,0.31587932,0
21669,0,0.29656485,0
21684,0,0.30844766,0
21699,0,0.1980842,0
21714,0,0.34104076,0
21717,0,0.21726286,0
21724,0,0.21610174,0
21732,0,0.22039668,0
21742,0,0.27054432,0
21743,0,0.19567569,0
21748,0,0.2577734,0
21760,0,0.22684075,0
21763,0,0.19591111,0
21782,0,0.15000194,0
21788,0,0.3635063,0
21797,0,0.28155166,0
21800,0,0.20995286,0
21809,0,0.29565364,0
21812,0,0.14861296,0
21816,0,0.20578027,0
21830,0,0.3337251,0
21839,0,0.27277765,0
21841,0,0.26037616,0
21848,0,0.23486517,0
21856,0,0.2086423,0
21860,0,0.2555942,0
21864,0,0.28297102,0
21878,0,0.1847749,0
21892,0,0.24455488,0
21893,0,0.1374974,0
21897,0,0.1662695,0
21909,1,0.15802382,0
21912,0,0.15694606,0
21920,0,0.2034607,0
21923,0,0.19507761,0
21924,1,0.25940397,0
21953,0,0.22976996,0
21973,0,0.21872596,0
21977,1,0.25736928,0
21978,0,0.28352115,0
21981,0,0.160621,0
21982,0,0.33891526,0
21983,1,0.46036738,0
21986,0,0.2073298,0
21988,0,0.22612539,0
21993,0,0.41505784,0
21994,0,0.23667553,0
21998,0,0.4418457,0
22001,0,0.15849602,0
22014,0,0.22634353,0
22017,0,0.22917011,0
22024,0,0.3087565,0
22026,0,0.3030716,0
22031,0,0.18480997,0
22034,0,0.30445737,0
22046,0,0.41749492,0
22064,0,0.22975338,0
22093,0,0.280694,0
22095,0,0.24669318,0
22104,0,0.39154577,0
22119,0,0.31352895,0
22123,0,0.1760331,0
22126,0,0.22551617,0
22128,0,0.25148022,0
22137,0,0.1650367,0
22142,0,0.31471846,0
22162,0,0.15979847,0
22164,0,0.24170811,0
22168,0,0.18973672,0
22179,0,0.21095078,0
22181,0,0.3463247,0
22187,0,0.20412266,0
22188,0,0.20402636,0
22189,0,0.28247443,0
22197,0,0.24887605,0
22205,0,0.2019548,0
22229,0,0.5729248,1
22233,0,0.26222283,0
22236,0,0.24244611,0
22238,0,0.24412535,0
22240,0,0.15271415,0
22246,0,0.30040777,0
22247,0,0.16572608,0
22253,0,0.4680282,0
22255,1,0.24559788,0
22268,0,0.15744257,0
22269,0,0.26242617,0
22272,0,0.1952189,0
22273,0,0.22845016,0
22275,0,0.16130517,0
22298,0,0.256893,0
22300,0,0.24732684,0
22318,0,0.26564977,0
22323,0,0.32001516,0
22326,0,0.3006694,0
22327,0,0.16898079,0
22347,0,0.07140452,0
22350,0,0.2717186,0
22361,0,0.2570806,0
22368,0,0.18061984,0
22375,0,0.2433982,0
22381,0,0.3012024,0
22392,0,0.208944,0
22405,0,0.22440498,0
22408,0,0.21006258,0
22410,0,0.14513507,0
22419,0,0.4499728,0
22421,0,0.15269908,0
22438,0,0.20656496,0
22443,0,0.16563381,0
22444,0,0.15411632,0
22456,0,0.2591601,0
22461,0,0.25812572,0
22467,0,0.13653445,0
22472,0,0.25803903,0
22473,0,0.43827963,0
22476,0,0.29155385,0
22478,0,0.15972102,0
22482,0,0.20650068,0
22485,0,0.2114493,0
22495,0,0.22308224,0
22498,0,0.17232893,0
22511,0,0.4722416,0
22522,0,0.2159401,0
22532,0,0.17067169,0
22534,0,0.3224193,0
22535,0,0.4756756,0
22558,0,0.36428475,0
22598,0,0.14592241,0
22602,0,0.18368916,0
22603,0,0.1575793,0
22604,0,0.31066078,0
22606,0,0.1960843,0
22608,0,0.18646173,0
22610,0,0.14981264,0
22617,0,0.16344593,0
22630,0,0.19889645,0
22633,0,0.5250821,1
22638,0,0.25781205,0
22646,0,0.22614907,0
22654,0,0.15014671,0
22657,0,0.22390836,0
22667,0,0.27491862,0
22675,0,0.21443221,0
22677,0,0.3550548,0
22689,0,0.17136915,0
22695,0,0.5406127,1
22697,0,0.3073932,0
22714,0,0.51587063,1
22720,0,0.19947611,0
22730,0,0.19941162,0
22732,0,0.13139562,0
22736,0,0.08465978,0
22742,1,0.12711897,0
22758,1,0.2881422,0
22759,0,0.16625874,0
22761,0,0.27072555,0
22771,0,0.19330573,0
22772,0,0.08525625,0
22773,0,0.19563697,0
22790,0,0.30499953,0
22791,0,0.31853062,0
22794,0,0.2128421,0
22798,0,0.1764654,0
22799,0,0.14077786,0
22805,0,0.13186501,0
22824,0,0.34006357,0
22829,0,0.10954167,0
22834,0,0.56721014,1
22837,0,0.27605867,0
22840,1,0.20071071,0
22857,0,0.18465373,0
22867,0,0.19969144,0
22875,1,0.22356145,0
22888,0,0.28915113,0
22894,0,0.22559492,0
22896,0,0.20959103,0
22912,0,0.12654501,0
22917,0,0.22290266,0
22932,0,0.15002117,0
22945,0,0.19876654,0
22953,0,0.18981236,0
22957,0,0.19260655,0
22958,0,0.24993767,0
22977,0,0.13791269,0
22980,0,0.155443,0
22991,0,0.18568835,0
23008,0,0.21761696,0
23023,0,0.19142354,0
23030,0,0.17953685,0
23038,0,0.15007149,0
23045,0,0.24197926,0
23046,0,0.17638297,0
23049,0,0.48139983,0
23058,0,0.15552458,0
23064,0,0.16518144,0
23066,0,0.18150225,0
23072,1,0.30050865,0
23085,0,0.20720413,0
23093,0,0.22762829,0
23108,0,0.12447723,0
23109,0,0.22588986,0
23111,0,0.26274756,0
23124,0,0.2396652,0
23126,0,0.17336899,0
23133,0,0.1586622,0
23140,0,0.50725377,1
23152,0,0.14532088,0
23154,0,0.11628159,0
23162,0,0.1226148,0
23164,0,0.23980255,0
23166,0,0.22010794,0
23181,1,0.25881281,0
23184,0,0.10609169,0
23187,0,0.13358,0
23192,0,0.24828477,0
23193,0,0.23537894,0
23195,0,0.24376628,0
23204,1,0.27710247,0
23206,0,0.38055173,0
23211,0,0.12515831,0
23219,0,0.13131846,0
23229,0,0.17380257,0
23233,0,0.4310014,0
23241,0,0.23419714,0
23256,0,0.18400495,0
23260,0,0.04741818,0
23263,1,0.18225728,0
23272,0,0.09588859,0
23275,0,0.23267573,0
23278,0,0.15748459,0
23283,0,0.029909374,0
23292,0,0.15777223,0
23299,0,0.25533938,0
23303,0,0.18913154,0
23310,0,0.28565338,0
23311,0,0.09911598,0
23320,0,0.08226316,0
23328,0,0.089936055,0
23349,0,0.09464414,0
23360,0,0.22198202,0
23372,0,0.13274784,0
23385,0,0.037136428,0
23386,0,0.13885318,0
23402,0,0.5076996,1
23408,0,0.19596279,0
23417,0,0.14274612,0
23419,0,0.24112163,0
23424,0,0.102416545,0
23426,0,0.12924366,0
23435,0,0.4451095,0
23446,0,0.2236994,0
23458,0,0.13521151,0
23460,0,0.19697072,0
23471,1,0.17180566,0
23478,0,0.12231829,0
23481,0,0.22600971,0
23482,0,0.15381128,0
23485,0,0.2799009,0
23491,0,0.16174343,0
23494,0,0.14521703,0
23509,0,0.14224955,0
23512,0,0.29697832,0
23513,0,0.131804,0
23519,0,0.2325258,0
23524,0,0.22171284,0
23534,0,0.20712805,0
23541,0,0.19037344,0
23544,0,0.16185872,0
23545,0,0.13616642,0
23547,0,0.13209996,0
23548,0,0.1819925,0
23550,0,0.17704052,0
23551,0,0.18171202,0
23557,0,0.22463082,0
23558,0,0.29249775,0
23559,0,0.015364657,0
23562,0,0.10788628,0
23566,0,0.077827044,0
23569,0,0.15540385,0
23575,0,0.19822444,0
23581,0,0.21981826,0
23589,0,0.12765223,0
23591,0,0.20484501,0
23596,0,0.018384889,0
23603,0,0.04588363,0
23611,0,0.073484056,0
23612,0,0.11840979,0
23613,0,0.15743187,0
23615,0,0.029572522,0
23621,0,0.22357866,0
23623,0,0.21565276,0
23627,0,0.051580623,0
23632,0,0.15956521,0
23633,0,0.21294361,0
23648,0,0.061926726,0
23656,0,0.17134136,0
23662,0,0.17463242,0
23664,0,0.18282427,0
23666,0,0.15337782,0
23675,0,0.15330307,0
23681,0,0.14905997,0
23682,0,0.12642153,0
23688,0,0.19125432,0
23702,0,0.16971762,0
23708,0,0.20173064,0
23715,0,0.092649356,0
23716,0,0.24658692,0
23726,0,0.03816833,0
23729,0,0.15696606,0
23740,0,0.37315252,0
23741,0,0.13003191,0
23742,0,0.1945858,0
23744,0,0.09816718,0
23762,0,0.23505919,0
23791,0,0.25331408,0
23792,0,0.112596504,0
23795,0,0.18360066,0
23797,0,0.12672861,0
23798,0,0.16875507,0
23802,0,0.08930687,0
23815,0,0.16164954,0
23826,1,0.3660539,0
23833,0,0.23445562,0
23836,0,0.2213488,0
23841,0,0.083536446,0
23848,0,0.21446143,0
23851,0,0.25024188,0
23857,0,0.11986109,0
23861,0,0.21345375,0
23866,0,0.2212796,0
23868,0,0.31087306,0
23873,1,0.28703195,0
23876,0,0.4532888,0
23877,0,0.14163698,0
23879,0,0.23434338,0
23891,0,0.08542244,0
23894,0,0.32046437,0
23896,0,0.2446286,0
23901,0,0.33511603,0
23910,0,0.21608078,0
23925,0,0.1432571,0
23935,0,0.27273634,0
23944,0,0.03347424,0
23950,0,0.3258609,0
23952,0,0.16330272,0
23983,0,0.116404355,0
24000,0,0.18922794,0
24014,0,0.13090228,0
24015,0,0.36743632,0
24017,0,0.17649217,0
24021,0,0.17785841,0
24036,0,0.19414493,0
24037,0,0.053132776,0
24040,1,0.80190194,1
24052,0,0.8014969,1
24056,0,0.82200056,1
24069,0,0.48525512,0
24071,1,0.8317848,1
24085,1,0.7095309,1
24095,0,0.8697178,1
24106,1,0.8456003,1
24112,1,0.8511416,1
24114,1,0.86653394,1
24117,0,0.9051079,1
24123,0,0.29198962,0
24153,0,0.46396583,0
24156,0,0.198581,0
24157,0,0.60307497,1
24173,1,0.3020845,0
24174,1,0.23979129,0
24179,1,0.47013238,0
24184,0,0.21401587,0
24186,0,0.266248,0
24201,0,0.42649034,0
24203,0,0.5015156,1
24207,0,0.11430744,0
24226,0,0.3887436,0
24231,0,0.5060958,1
24235,0,0.483936,0
24237,0,0.5652865,1
24243,0,0.20130658,0
24247,0,0.45547104,0
24248,0,0.32349214,0
24250,0,0.1940733,0
24255,0,0.25633797,0
24259,0,0.4170288,0
24260,0,0.31588757,0
24273,0,0.17421876,0
24274,1,0.21148832,0
24282,0,0.24680355,0
24283,0,0.2505613,0
24304,0,0.18323132,0
24305,0,0.18957023,0
24311,0,0.3976746,0
24324,0,0.49059233,0
24334,0,0.25325912,0
24335,0,0.23450047,0
24340,0,0.45782876,0
24344,0,0.5403873,1
24351,0,0.14957505,0
24362,0,0.16551282,0
24363,1,0.47285944,0
24368,0,0.24586001,0
24378,0,0.44104964,0
24385,0,0.3217028,0
24386,0,0.53088707,1
24390,1,0.50375664,1
24391,0,0.2134647,0
24409,0,0.16542807,0
24410,0,0.27623618,0
24419,0,0.351253,0
24421,0,0.2989157,0
24438,0,0.20824656,0
24440,0,0.60414386,1
24452,0,0.18537748,0
24454,0,0.21090692,0
24455,0,0.22462775,0
24457,0,0.27839044,0
24463,0,0.26017225,0
24464,0,0.17437786,0
24469,0,0.25566512,0
24475,0,0.3021213,0
24481,0,0.1576526,0
24490,0,0.15314636,0
24491,0,0.23331787,0
24508,0,0.5445045,1
24514,0,0.2205897,0
24517,0,0.19115406,0
24521,0,0.19669883,0
24531,0,0.28982836,0
24540,0,0.2708833,0
24542,0,0.42459685,0
24543,0,0.4495285,0
24546,0,0.46985295,0
24550,0,0.49284163,0
24552,0,0.21953095,0
24560,0,0.26492208,0
24570,0,0.32991475,0
24575,0,0.40174517,0
24577,0,0.4643041,0
24583,0,0.15307912,0
24589,0,0.16054888,0
24604,0,0.19920377,0
24613,0,0.1982296,0
24616,0,0.15367879,0
24617,0,0.3860574,0
24632,0,0.20461792,0
24647,0,0.4311837,0
24675,0,0.1199032,0
24689,0,0.49841148,0
24696,0,0.35348734,0
24697,0,0.19166318,0
24701,0,0.27913138,0
24703,0,0.10839729,0
24705,0,0.29899472,0
24710,0,0.40659368,0
24712,0,0.30854994,0
24723,0,0.22435698,0
24725,1,0.20860891,0
24733,0,0.33363292,0
24734,0,0.2086581,0
24735,0,0.19896145,0
24745,0,0.24511056,0
24761,0,0.21928772,0
24771,1,0.35424188,0
24772,0,0.38179585,0
24775,0,0.2832823,0
24782,1,0.38777465,0
24783,0,0.39661756,0
24789,0,0.25243306,0
24795,0,0.31497768,0
24802,0,0.90453696,1
24804,0,0.18583433,0
24818,0,0.23856588,0
24821,0,0.27968088,0
24824,0,0.19514108,0
24831,0,0.38919201,0
24845,0,0.2809568,0
24862,0,0.28513378,0
24863,0,0.1580737,0
24868,0,0.19424675,0
24869,0,0.18875276,0
24876,0,0.16292088,0
24879,0,0.23995835,0
24901,0,0.3273026,0
24907,0,0.6032904,1
24934,0,0.16992256,0
24943,0,0.7138112,1
24946,0,0.15991658,0
24948,0,0.24560145,0
24951,0,0.1660544,0
24955,0,0.22078541,0
24963,0,0.2661681,0
24976,1,0.15585612,0
24979,1,0.29264808,0
24980,0,0.29428175,0
24987,0,0.20410077,0
24988,0,0.29114783,0
24991,0,0.4266855,0
24993,0,0.25592032,0
24995,0,0.49852866,0
25000,0,0.41836658,0
25003,0,0.21858332,0
25004,0,0.15428679,0
25007,0,0.18262626,0
25017,0,0.3910504,0
25018,0,0.39805508,0
25022,0,0.16675532,0
25030,0,0.34844276,0
25037,0,0.5184578,1
25039,0,0.27563202,0
25057,0,0.24903995,0
25064,0,0.18674798,0
25071,0,0.3428966,0
25074,0,0.26861817,0
25081,0,0.40036386,0
25093,0,0.4565073,0
25095,0,0.29265454,0
25098,0,0.2945117,0
25115,0,0.21365216,0
25121,0,0.6233729,1
25130,0,0.27973714,0
25136,0,0.20028056,0
25138,0,0.33798096,0
25173,0,0.33272088,0
25179,0,0.31175187,0
25185,0,0.34236243,0
25193,0,0.31731552,0
25196,0,0.3504524,0
25200,0,0.48184854,0
25205,0,0.35078537,0
25207,0,0.2663991,0
25226,0,0.26640406,0
25230,0,0.19133368,0
25233,0,0.122589365,0
25236,0,0.19530545,0
25241,0,0.12331015,0
25246,0,0.22041328,0
25268,0,0.41202992,0
25270,0,0.18188816,0
25271,0,0.1210685,0
25272,0,0.33565834,0
25298,0,0.33122665,0
25302,0,0.3512627,0
25307,0,0.3554785,0
25314,0,0.47715423,0
25318,0,0.37706396,0
25322,1,0.28848287,0
25323,0,0.54236823,1
25328,1,0.46796888,0
25336,0,0.21157157,0
25340,0,0.15331796,0
25345,0,0.23193759,0
25357,0,0.22098751,0
25364,0,0.13098778,0
25366,0,0.10786331,0
25373,0,0.1305812,0
25380,0,0.17927982,0
25388,0,0.28212187,0
25389,0,0.44783056,0
25397,0,0.40073276,0
25398,0,0.2946127,0
25406,0,0.3522913,0
25408,0,0.13759565,0
25417,0,0.50408876,1
25418,1,0.3200262,0
25427,0,0.24598056,0
25432,0,0.39100453,0
25452,0,0.40774587,0
25453,0,0.18309364,0
25455,0,0.40404975,0
25459,0,0.3035633,0
25464,0,0.33725208,0
25482,0,0.1284272,0
25487,0,0.21308036,0
25492,0,0.5813845,1
25496,0,0.24782065,0
25500,0,0.22250733,0
25507,0,0.2964079,0
25512,0,0.38027713,0
25514,0,0.2127235,0
25516,0,0.3115903,0
25524,0,0.49673897,0
25528,0,0.2717652,0
25542,0,0.2127392,0
25552,0,0.25719544,0
25560,0,0.15171559,0
25566,0,0.21992421,0
25579,0,0.41714913,0
25582,0,0.3441988,0
25583,0,0.3830421,0
25589,1,0.27581808,0
25592,0,0.24120189,0
25595,0,0.24597023,0
25597,0,0.34867918,0
25611,1,0.24589106,0
25613,0,0.33395752,0
25622,0,0.4745632,0
25628,0,0.23630287,0
25630,0,0.2570298,0
25633,0,0.26240322,0
25649,0,0.28611392,0
25658,0,0.2858584,0
25659,0,0.41723457,0
25667,0,0.35262877,0
25680,0,0.5554148,1
25686,0,0.35191226,0
25692,1,0.61789966,1
25720,0,0.16027914,0
25722,0,0.34773842,0
25729,1,0.28037876,0
25735,0,0.33432233,0
25742,0,0.18532486,0
25744,0,0.38612556,0
25752,0,0.14284155,0
25753,0,0.15183367,0
25764,0,0.22727923,0
25770,0,0.33192408,0
25771,0,0.16528237,0
25772,0,0.1829497,0
25777,0,0.434878,0
25779,0,0.42398974,0
25786,0,0.27898645,0
25787,0,0.24318731,0
25795,0,0.24712633,0
25800,0,0.429506,0
25803,0,0.5661071,1
25812,0,0.14297888,0
25816,0,0.15979923,0
25825,0,0.21809566,0
25831,0,0.24661803,0
25842,0,0.5419014,1
25847,0,0.24376722,0
25863,0,0.19154932,0
25865,0,0.35633543,0
25869,0,0.19914956,0
25871,0,0.18206112,0
25873,0,0.42682576,0
25894,0,0.1914026,0
25921,0,0.2024887,0
25925,1,0.4817608,0
25931,0,0.22435285,0
25937,0,0.14133494,0
25940,0,0.28825337,0
25941,0,0.22447716,0
25949,0,0.26752964,0
25950,0,0.19523332,0
25961,0,0.34421864,0
25967,0,0.4399528,0
25981,0,0.30259213,0
25982,0,0.67715997,1
26001,0,0.3660213,0
26016,0,0.22787794,0
26018,1,0.22247449,0
26022,0,0.36881575,0
26048,0,0.3120382,0
26068,0,0.3376663,0
26075,0,0.4535269,0
26098,0,0.23562987,0
26102,0,0.1781687,0
26110,1,0.2187388,0
26113,0,0.30100378,0
26116,0,0.31086802,0
26117,0,0.22337055,0
26131,0,0.120416895,0
26140,0,0.34201962,0
26145,0,0.17056613,0
26159,0,0.19392091,0
26162,0,0.25434765,0
26170,0,0.30805403,0
26171,0,0.24033159,0
26195,0,0.21033785,0
26222,0,0.56985873,1
26230,0,0.2973269,0
26240,0,0.25111133,0
26246,1,0.5449903,1
26260,0,0.48101008,0
26264,0,0.30139098,0
26275,0,0.5689096,1
26296,0,0.31562385,0
26300,0,0.5807899,1
26304,0,0.24761641,0
26316,0,0.23347065,0
26318,0,0.2731406,0
26330,1,0.707205,1
26332,0,0.31007445,0
26333,0,0.4169428,0
26341,0,0.34171084,0
26349,0,0.23666725,0
26354,0,0.30676436,0
26368,0,0.10867381,0
26389,0,0.21749192,0
26407,0,0.32495254,0
26410,0,0.41608095,0
26414,0,0.2244203,0
26422,0,0.19183311,0
26423,0,0.37876567,0
26427,0,0.3244993,0
26443,1,0.25360355,0
26447,0,0.13551842,0
26448,0,0.37439483,0
26451,0,0.55940133,1
26461,0,0.4333696,0
26466,0,0.25831527,0
26468,0,0.105476215,0
26470,0,0.40508237,0
26481,0,0.25659642,0
26491,0,0.42887777,0
26492,0,0.21663159,0
26494,0,0.5834208,1
26496,0,0.3877145,0
26510,0,0.38210702,0
26528,0,0.25229052,0
26529,0,0.29314533,0
26531,0,0.2762635,0
26534,0,0.10007727,0
26537,0,0.52772003,1
26541,0,0.28202173,0
26551,0,0.59969074,1
26557,0,0.23821446,0
26569,0,0.42726785,0
26603,0,0.46298814,0
26610,0,0.10947224,0
26611,0,0.34023535,0
26638,0,0.20972279,0
26640,0,0.63270134,1
26659,0,0.1306433,0
26660,0,0.45936376,0
26667,0,0.15991862,0
26673,0,0.2064534,0
26681,0,0.42895913,0
26682,1,0.28833988,0
26689,0,0.31580934,0
26697,0,0.3481328,0
26698,0,0.3036381,0
26703,0,0.19022088,0
26716,0,0.34730595,0
26721,0,0.17283705,0
26741,0,0.2825213,0
26751,0,0.24162115,0
26753,0,0.3034868,0
26758,0,0.43352133,0
26764,0,0.2901146,0
26771,0,0.30582923,0
26780,0,0.32252258,0
26791,0,0.25000304,0
26792,0,0.19725296,0
26807,0,0.18655135,0
26816,0,0.197676,0
26823,0,0.21749824,0
26825,0,0.11213594,0
26828,0,0.3030906,0
26833,0,0.34049988,0
26839,1,0.36746627,0
26844,0,0.07247151,0
26851,0,0.25606576,0
26852,0,0.20511882,0
26853,0,0.10061243,0
26854,0,0.33609632,0
26856,0,0.24702682,0
26857,0,0.4701708,0
26864,0,0.33798686,0
26882,0,0.13452879,0
26883,0,0.20094499,0
26888,0,0.1690812,0
26895,0,0.1997218,0
26896,0,0.1362998,0
26899,0,0.2855707,0
26902,0,0.17368674,0
26904,0,0.2758554,0
26918,0,0.13093638,0
26933,0,0.26980215,0
26937,0,0.24554923,0
26939,0,0.14681844,0
26944,0,0.33093834,0
26946,0,0.41495454,0
26951,0,0.4694453,0
26953,0,0.23711509,0
26959,0,0.2867047,0
26968,1,0.4613058,0
26969,0,0.4339633,0
26972,0,0.43933067,0
26978,0,0.52146584,1
26988,0,0.5032284,1
26998,0,0.3346334,0
27006,0,0.08445849,0
27015,0,0.25975913,0
27028,1,0.43101966,0
27029,0,0.19297722,0
27030,0,0.36385837,0
27031,0,0.32935587,0
27036,1,0.33369538,0
27037,0,0.28762943,0
27040,0,0.41335332,0
27048,0,0.43074405,0
27050,1,0.27314878,0
27065,0,0.16151635,0
27068,0,0.20653684,0
27069,0,0.2779419,0
27070,0,0.22127181,0
27071,0,0.14846295,0
27087,0,0.2996879,0
27089,0,0.34043935,0
27093,0,0.6321808,1
27097,0,0.4017692,0
27099,0,0.14168184,0
27105,1,0.30533785,0
27108,0,0.14637738,0
27116,0,0.13805214,0
27124,0,0.34980458,0
27129,0,0.17455287,0
27132,0,0.1424156,0
27133,0,0.14801863,0
27141,0,0.28523657,0
27150,0,0.3402096,0
27152,0,0.35580057,0
27155,0,0.15038854,0
27158,0,0.42125505,0
27172,0,0.4357811,0
27186,0,0.21562476,0
27188,0,0.15125924,0
27195,0,0.28578553,0
27201,0,0.5509999,1
27202,0,0.19006656,0
27218,0,0.21937466,0
27226,0,0.15392587,0
27240,0,0.32139274,0
27251,0,0.13094689,0
27252,0,0.2000577,0
27255,0,0.103677884,0
27274,0,0.1505987,0
27278,0,0.44031933,0
27293,0,0.36814278,0
27313,0,0.17953579,0
27338,0,0.5543836,1
27339,0,0.2968806,0
27341,0,0.27888936,0
27368,0,0.4435898,0
27370,0,0.14066726,0
27372,0,0.36007464,0
27382,1,0.4747402,0
27392,0,0.25387934,0
27394,0,0.19079253,0
27396,1,0.26777744,0
27397,0,0.18508568,0
27399,0,0.19182885,0
27408,0,0.18224564,0
27409,0,0.12543537,0
27419,0,0.29608667,0
27422,0,0.1442325,0
27430,0,0.32278445,0
27454,0,0.8316245,1
27464,0,0.39541394,0
27466,0,0.19338343,0
27477,0,0.2837904,0
27490,0,0.21641193,0
27495,1,0.35472855,0
27497,0,0.18682288,0
27499,0,0.34963018,0
27508,0,0.22952841,0
27529,0,0.31647536,0
27533,0,0.4597738,0
27534,0,0.22992791,0
27535,0,0.3554027,0
27537,0,0.20973277,0
27539,0,0.21536535,0
27546,0,0.29845262,0
27551,1,0.25292903,0
27552,0,0.103255376,0
27557,0,0.5297459,1
27567,1,0.26439968,0
27579,0,0.23768309,0
27596,0,0.22490482,0
27597,0,0.5798829,1
27601,0,0.16357823,0
27609,0,0.048029937,0
27610,0,0.16258383,0
27621,0,0.3146988,0
27637,0,0.20978115,0
27643,0,0.32641587,0
27651,0,0.3652219,0
27654,0,0.09552481,0
27656,0,0.34570158,0
27669,0,0.41695988,0
27687,0,0.37093917,0
27688,0,0.122509316,0
27691,0,0.11048418,0
27703,0,0.23179133,0
27711,0,0.040237207,0
27715,1,0.22728856,0
27725,0,0.69477344,1
27737,0,0.26973838,0
27738,0,0.14648847,0
27742,1,0.16992106,0
27747,0,0.24617575,0
27758,0,0.12577859,0
27778,0,0.073723584,0
27781,0,0.34138852,0
27786,0,0.16368115,0
27792,0,0.13773672,0
27795,0,0.33774897,0
27796,0,0.1803978,0
27816,0,0.13850737,0
27824,0,0.09131098,0
27830,0,0.26989007,0
27831,0,0.1346632,0
27832,0,0.2687929,0
27833,0,0.32135186,0
27839,0,0.17321332,0
27840,0,0.13485178,0
27850,0,0.28428605,0
27868,0,0.42192325,0
27877,0,0.08039332,0
27885,1,0.20098004,0
27894,0,0.86424816,1
27895,0,0.3764856,0
27898,0,0.33107257,0
27899,0,0.54924643,1
27907,0,0.29229054,0
27911,0,0.19739147,0
27914,0,0.22492918,0
27917,0,0.3517376,0
27923,0,0.18996698,0
27924,0,0.60741,1
27928,0,0.37400943,0
27935,0,0.10788439,0
27940,0,0.13756944,0
27944,0,0.3152914,0
27945,0,0.12864886,0
27948,0,0.4393747,0
27958,0,0.17982996,0
27967,0,0.23481274,0
27977,0,0.104362585,0
27979,0,0.31630838,0
27982,0,0.33497977,0
27989,0,0.29365966,0
27996,0,0.21022393,0
27998,0,0.26984274,0
28011,0,0.3208122,0
28025,0,0.12145665,0
28030,0,0.5014096,1
28033,0,0.16940686,0
28035,0,0.28001752,0
28038,0,0.31280193,0
28041,0,0.064086504,0
28047,0,0.086656146,0
28048,0,0.06648571,0
28050,0,0.22601831,0
28057,0,0.20265059,0
28065,0,0.17993575,0
28069,0,0.50596803,1
28072,0,0.19877441,0
28077,0,0.235652,0
28078,0,0.23501272,0
28083,0,0.47653866,0
28093,0,0.5434153,1
28098,1,0.3234494,0
28099,0,0.059368704,0
28112,0,0.15356953,0
28122,0,0.15814273,0
28132,0,0.13621488,0
28137,0,0.10924216,0
28141,0,0.12602693,0
28142,0,0.083016835,0
28146,0,0.30304885,0
28148,0,0.33246768,0
28153,0,0.15279879,0
28159,0,0.2573426,0
28165,0,0.09455927,0
28184,0,0.59574544,1
28185,0,0.08443836,0
28204,0,0.15698999,0
28215,0,0.20286435,0
28220,1,0.17722107,0
28236,0,0.1154016,0
28243,1,0.44983476,0
28250,0,0.102492996,0
28261,0,0.28364244,0
28276,0,0.17598289,0
28289,0,0.036592748,0
28290,0,0.2407318,0
28295,0,0.289035,0
28303,0,0.520754,1
28307,0,0.076235406,0
28309,1,0.13495721,0
28320,0,0.28845003,0
28324,0,0.15051858,0
28326,0,0.18220311,0
28329,0,0.123116665,0
28334,0,0.09209285,0
28335,0,0.12654996,0
28341,0,0.1763167,0
28352,0,0.33058378,0
28364,0,0.31543165,0
28367,0,0.16978954,0
28382,0,0.16128775,0
28386,0,0.33038166,0
28396,0,0.31956998,0
28398,0,0.3022685,0
28410,0,0.18609823,0
28411,0,0.10843497,0
28414,0,0.115960464,0
28423,0,0.19797893,0
28429,0,0.32062948,0
28438,0,0.1783677,0
28442,0,0.14673905,0
28449,0,0.22229084,0
28462,0,0.35400236,0
28468,0,0.27009568,0
28469,0,0.41531974,0
28470,0,0.14326185,0
28473,0,0.11857781,0
28475,0,0.1408124,0
28485,1,0.27873948,0
28499,0,0.09365452,0
28504,0,0.06552676,0
28505,0,0.44848707,0
28507,0,0.08845421,0
28516,0,0.2706175,0
28518,0,0.35583428,0
28535,0,0.13293557,0
28541,0,0.20605364,0
28548,0,0.18107744,0
28553,0,0.5713854,1
28554,0,0.16240162,0
28566,0,0.07843723,0
28578,0,0.10948326,0
28582,0,0.19653396,0
28594,0,0.1708159,0
28596,0,0.11165288,0
28604,0,0.15609193,0
28619,0,0.12548287,0
28620,0,0.33500022,0
28622,0,0.15925863,0
28627,0,0.12837042,0
28633,0,0.17348692,0
28634,0,0.057740435,0
28636,0,0.1720322,0
28638,0,0.19021612,0
28640,0,0.08512465,0
28643,0,0.15143049,0
28650,0,0.27809948,0
28664,0,0.10399972,0
28670,0,0.079308316,0
28671,0,0.18272412,0
28672,0,0.15864135,0
28678,0,0.48836797,0
28679,0,0.08487181,0
28712,0,0.07916504,0
28735,0,0.16001263,0
28737,0,0.599997,1
28747,0,0.32461172,0
28756,0,0.2990366,0
28766,0,0.21111038,0
28769,0,0.5069049,1
28774,0,0.2736816,0
28776,0,0.3293201,0
28779,0,0.1663889,0
28784,0,0.16372986,0
28790,0,0.33358258,0
28803,0,0.103809275,0
28808,0,0.18783775,0
28810,0,0.33144972,0
28817,0,0.22916625,0
28819,0,0.21874426,0
28821,0,0.27494735,0
28833,0,0.37912872,0
28840,0,0.2010074,0
28847,0,0.3034621,0
28848,0,0.2862817,0
28849,0,0.35187498,0
28855,0,0.23493417,0
28859,0,0.0185207,0
28868,0,0.26157728,0
28880,0,0.20495102,0
28881,1,0.18291801,0
28889,0,0.040118415,0
28900,0,0.3702825,0
28911,0,0.2895192,0
28914,0,0.1364548,0
28919,0,0.2948635,0
28930,0,0.60410124,1
28931,1,0.3728229,0
28932,0,0.2630083,0
28943,0,0.22383443,0
28959,0,0.617677,1
28964,0,0.2969792,0
28965,1,0.5994846,1
28967,0,0.19078267,0
28971,0,0.2861968,0
28978,0,0.4102277,0
28982,0,0.2027072,0
28987,0,0.40396416,0
29008,0,0.21098529,0
29012,0,0.15484923,0
29013,0,0.32363483,0
29016,0,0.11616511,0
29024,1,0.5833414,1
29028,0,0.31621447,0
29036,1,0.30933097,0
29037,0,0.09601328,0
29039,0,0.86794126,1
29049,0,0.31134292,0
29050,0,0.21111923,0
29057,0,0.5056009,1
29064,1,0.41661468,0
29076,0,0.24286339,0
29084,0,0.23079439,0
29095,0,0.5929154,1
29103,0,0.20051219,0
29108,0,0.4786638,0
29113,0,0.2519488,0
29126,0,0.37013468,0
29129,0,0.43719402,0
29130,0,0.41386682,0
29147,0,0.19141349,0
29157,0,0.43202144,0
29164,0,0.44940373,0
29167,1,0.36817467,0
29168,0,0.40680775,0
29173,0,0.3327929,0
29178,0,0.226011,0
29183,0,0.92788035,1
29188,0,0.09067768,0
29189,0,0.17045197,0
29203,0,0.3780546,0
29208,0,0.5977255,1
29218,0,0.48588443,0
29222,0,0.467248,0
29223,0,0.53529125,1
29226,0,0.49425787,0
29243,0,0.49132165,0
29244,1,0.26432157,0
29247,0,0.07720105,0
29256,0,0.26263562,0
29261,0,0.74495125,1
29270,0,0.303286,0
29273,0,0.38892493,0
29281,0,0.41412988,0
29291,1,0.3829155,0
29316,0,0.24907427,0
29324,0,0.6774957,1
29332,0,0.26631913,0
29338,0,0.46166205,0
29349,0,0.59077615,1
29354,0,0.16257542,0
29357,0,0.18999156,0
29372,0,0.4172863,0
29382,0,0.40021282,0
29389,0,0.30592486,0
29398,0,0.08199375,0
29401,0,0.22441189,0
29406,0,0.19174792,0
29409,0,0.22484468,0
29413,0,0.42640173,0
29420,0,0.2320808,0
29426,0,0.32314977,0
29430,1,0.6293869,1
29434,0,0.61996347,1
29439,0,0.41909006,0
29441,0,0.90175223,1
29452,0,0.05617776,0
29459,0,0.121520124,0
29480,0,0.60046285,1
29487,0,0.6731433,1
29497,0,0.42441502,0
29501,1,0.31734318,0
29504,0,0.3975095,0
29509,0,0.42999426,0
29512,0,0.45082688,0
29529,0,0.20838466,0
29530,0,0.16143201,0
29533,0,0.38470605,0
29536,0,0.574915,1
29537,0,0.46040154,0
29545,0,0.22482379,0
29551,0,0.421291,0
29555,0,0.29705474,0
29558,0,0.51313204,1
29562,0,0.51527905,1
29563,0,0.15286049,0
29565,0,0.30805463,0
29573,0,0.5202719,1
29575,0,0.37982276,0
29578,0,0.42089525,0
29582,0,0.5540775,1
29591,0,0.4249565,0
29597,0,0.56384975,1
29607,0,0.45533076,0
29623,0,0.44168797,0
29637,0,0.29353207,0
29648,0,0.060682233,0
29662,0,0.5642605,1
29671,0,0.41660392,0
29672,0,0.1682736,0
29677,0,0.10318555,0
29680,0,0.22811976,0
29700,0,0.40604866,0
29705,0,0.05982242,0
29709,0,0.6121455,1
29718,0,0.55394375,1
29727,0,0.4198063,0
29729,0,0.27425614,0
29739,0,0.49652094,0
29744,0,0.23653941,0
29752,0,0.18026629,0
29757,0,0.57747597,1
29769,0,0.25122884,0
29771,0,0.28737012,0
29772,0,0.35624847,0
29775,0,0.24313125,0
29787,0,0.66799134,1
29789,0,0.17795354,0
29809,1,0.55895966,1
29814,0,0.38894147,0
29816,0,0.4181271,0
29817,0,0.29095793,0
29827,0,0.36930123,0
29833,0,0.28616434,0
29838,0,0.53464717,1
29848,0,0.119895056,0
29859,0,0.5634829,1
29860,0,0.6525101,1
29864,0,0.32547876,0
29873,0,0.58863324,1
29879,0,0.4037494,0
29881,0,0.40731364,0
29885,0,0.62567663,1
29890,0,0.17599046,0
29891,0,0.30787793,0
29896,0,0.5242875,1
29899,0,0.37662914,0
29904,0,0.27853057,0
29906,0,0.27868208,0
29911,0,0.2999643,0
29914,0,0.5598537,1
29924,0,0.41354465,0
29925,0,0.4935331,0
29943,0,0.5086735,1
29967,0,0.6459825,1
29971,0,0.27843863,0
29972,0,0.2829436,0
29978,0,0.48596728,0
29983,0,0.42290878,0
29989,0,0.10132931,0
29990,0,0.20808147,0
29997,0,0.33991238,0
30003,0,0.31892398,0
30013,0,0.35301244,0
30027,0,0.19451247,0
30029,0,0.46788755,0
30046,0,0.32679954,0
30050,0,0.2417606,0
30060,0,0.51976347,1
30069,0,0.5219985,1
30097,0,0.29181015,0
30105,1,0.49149093,0
30109,0,0.029128196,0
30110,0,0.4722052,0
30116,0,0.49027792,0
30117,0,0.22493143,0
30122,0,0.1559988,0
30128,0,0.1480033,0
30138,0,0.30925155,0
30145,0,0.42960903,0
30148,0,0.6151279,1
30156,0,0.15340368,0
30157,0,0.18976402,0
30164,0,0.20174804,0
30170,0,0.24042067,0
30174,0,0.3025092,0
30188,0,0.26476693,0
30192,1,0.64128643,1
30203,0,0.5214439,1
30205,0,0.37113667,0
30211,0,0.534048,1
30215,1,0.6798207,1
30218,0,0.4367233,0
30219,0,0.38075405,0
30228,0,0.20057704,0
30229,0,0.3018904,0
30234,0,0.28023547,0
30237,0,0.34088668,0
30241,0,0.13363323,0
30243,0,0.44072038,0
30248,0,0.34614363,0
30278,0,0.5566418,1
30279,0,0.13522112,0
30282,0,0.43180943,0
30289,0,0.33856818,0
30294,0,0.5331119,1
30295,0,0.3615755,0
30296,0,0.38595015,0
30298,0,0.30126572,0
30300,1,0.3229504,0
30301,0,0.4685647,0
30306,0,0.3167572,0
30320,0,0.5156942,1
30321,0,0.48559707,0
30324,1,0.614656,1
30334,0,0.19636992,0
30336,0,0.6504818,1
30340,0,0.4318048,0
30342,0,0.46394926,0
30344,0,0.66796017,1
30346,0,0.5968188,1
30349,0,0.52890533,1
30352,0,0.36305654,0
30353,1,0.44111922,0
30359,0,0.36390838,0
30369,0,0.49257487,0
30372,0,0.29278046,0
30378,0,0.47153652,0
30382,0,0.5668263,1
30384,0,0.5882323,1
30385,0,0.32006907,0
30390,0,0.27615124,0
30394,0,0.33266336,0
30398,0,0.31722918,0
30409,0,0.26141578,0
30421,0,0.40323254,0
30429,0,0.26856747,0
30430,0,0.10238803,0
30448,0,0.09709802,0
30466,0,0.4534872,0
30474,0,0.43375382,0
30478,0,0.56474614,1
30479,0,0.16102113,0
30486,0,0.53672445,1
30488,0,0.6928568,1
30489,0,0.44816494,0
30492,0,0.4670844,0
30499,0,0.121983245,0
30504,0,0.0953853,0
30513,0,0.33700567,0
30516,0,0.67820746,1
30520,0,0.2601859,0
30533,1,0.49589774,0
30545,0,0.14411537,0
30549,0,0.5217589,1
30559,0,0.06846401,0
30563,0,0.49328583,0
30566,0,0.49027842,0
30568,0,0.3829097,0
30570,0,0.5247967,1
30599,0,0.5201724,1
30604,0,0.5867335,1
30608,0,0.21372288,0
30609,0,0.3946745,0
30614,0,0.19239444,0
30615,0,0.79259324,1
30616,0,0.3441893,0
30623,0,0.35227478,0
30624,0,0.34844065,0
30625,0,0.3221354,0
30638,0,0.72788227,1
30640,0,0.44598806,0
30641,0,0.8655613,1
30642,0,0.38520217,0
30643,0,0.3993736,0
30645,0,0.4905578,0
30648,0,0.1621766,0
30665,0,0.2560392,0
30669,1,0.7072895,1
30707,0,0.62254417,1
30714,0,0.27053514,0
30719,0,0.34480122,0
30735,0,0.33892077,0
30736,0,0.10008331,0
30738,0,0.7327981,1
30741,0,0.29169706,0
30750,0,0.24957488,0
30759,0,0.44895783,0
30764,0,0.34567925,0
30776,0,0.40166625,0
30790,0,0.35043827,0
30805,0,0.43025413,0
30816,0,0.57781625,1
30818,0,0.6332232,1
30820,0,0.048759088,0
30825,0,0.39849564,0
30827,0,0.26593772,0
30831,0,0.4147278,0
30832,0,0.4556125,0
30852,0,0.25744486,0
30878,0,0.33478242,0
30879,0,0.41211808,0
30880,0,0.7277314,1
30881,0,0.40635583,0
30882,0,0.30012372,0
30883,0,0.49377736,0
30891,0,0.6665903,1
30894,0,0.55340767,1
30899,0,0.37976387,0
30908,0,0.4189978,0
30915,0,0.83792174,1
30918,0,0.60816437,1
30920,0,0.37513176,0
30928,0,0.65724367,1
30935,0,0.17499425,0
30950,0,0.4557732,0
30955,0,0.29143748,0
30957,0,0.23723689,0
30958,0,0.27819908,0
30960,0,0.4117212,0
30962,0,0.5533593,1
30973,0,0.35742468,0
30998,0,0.5521799,1
31000,0,0.7468416,1
31006,1,0.31249896,0
31010,1,0.6934062,1
31013,0,0.6648031,1
31019,0,0.7180987,1
31023,1,0.64226574,1
31027,1,0.32259783,0
31033,0,0.18632935,0
31045,0,0.60408527,1
31060,1,0.88395226,1
31073,1,0.25773725,0
31079,0,0.7010343,1
31094,1,0.7899252,1
31099,1,0.93641126,1
31100,1,0.86136675,1
31102,1,0.804823,1
31106,1,0.7990473,1
31115,1,0.46940467,0
31135,1,0.71943295,1
31141,0,0.8063681,1
31147,1,0.8513915,1
31155,0,0.9317815,1
31168,0,0.6232259,1
31169,0,0.8195691,1
31170,0,0.7846648,1
31186,0,0.7309959,1
31192,1,0.9025559,1
31195,0,0.89085424,1
31198,1,0.9780898,1
31200,1,0.87417364,1
31210,1,0.8715179,1
31215,0,0.92354375,1
31223,0,0.82454073,1
31228,0,0.82793653,1
31237,1,0.82003003,1
31238,1,0.8013515,1
31244,1,0.78519756,1
31246,0,0.8972911,1
31254,1,0.8176627,1
31255,0,0.71740586,1
31259,0,0.91486925,1
31262,0,0.7972175,1
31271,1,0.77167857,1
31272,0,0.91037446,1
31273,0,0.8431632,1
31286,1,0.8497022,1
31291,0,0.8701448,1
31295,1,0.92199415,1
31310,1,0.8050632,1
31315,1,0.8985458,1
31318,0,0.9182481,1
31326,1,0.83381104,1
31327,1,0.8788664,1
31336,0,0.3659502,0
31351,1,0.7868606,1
31352,1,0.886324,1
31366,1,0.8775394,1
31368,1,0.8816923,1
31374,1,0.88793904,1
31382,0,0.8169664,1
31395,1,0.92471033,1
31413,1,0.6745968,1
31418,1,0.89214104,1
31425,1,0.93956405,1
31439,0,0.80322045,1
31440,0,0.8392858,1
31441,1,0.8774204,1
31444,0,0.92534584,1
31445,0,0.9308465,1
31448,0,0.89222836,1
31454,0,0.8499609,1
31477,1,0.73110455,1
31480,0,0.5749326,1
31485,0,0.14910333,0
31488,0,0.2714305,0
31491,0,0.51077044,1
31507,0,0.52319705,1
31511,0,0.5758909,1
31513,0,0.71724725,1
31517,0,0.42291978,0
31536,1,0.5499026,1
31542,0,0.81326956,1
31548,0,0.4880806,0
31552,0,0.69305956,1
31554,0,0.7845507,1
31556,1,0.29189035,0
31557,0,0.39772782,0
31579,0,0.4307736,0
31589,0,0.29253283,0
31610,0,0.5594716,1
31613,0,0.48013458,0
31618,0,0.39017165,0
31632,0,0.40329194,0
31635,0,0.3993607,0
31638,0,0.31085607,0
31639,1,0.7011274,1
31645,0,0.3859753,0
31646,0,0.58619285,1
31649,0,0.37927076,0
31654,0,0.39893928,0
31671,0,0.67391485,1
31678,0,0.27687255,0
31683,0,0.23895241,0
31688,0,0.27517062,0
31690,0,0.25169653,0
31691,0,0.4511928,0
31692,0,0.6689509,1
31703,0,0.15456022,0
31704,0,0.42954183,0
31717,0,0.21310593,0
31721,0,0.22138941,0
31725,0,0.22447987,0
31726,0,0.35233545,0
31727,0,0.41257066,0
31732,0,0.15432544,0
31735,0,0.1270757,0
31741,0,0.34420365,0
31742,0,0.62151766,1
31747,0,0.74416417,1
31755,0,0.8418917,1
31770,0,0.3490821,0
31791,0,0.94148785,1
31801,0,0.2749595,0
31825,0,0.51565665,1
31827,0,0.47761476,0
31828,0,0.41653726,0
31833,0,0.42540574,0
31835,0,0.298139,0
31845,0,0.2644314,0
31851,0,0.28755817,0
31856,1,0.69441575,1
31861,0,0.24897952,0
31866,0,0.5220595,1
31867,0,0.24278747,0
31889,0,0.75677043,1
31890,0,0.39244524,0
31893,0,0.1754324,0
31895,0,0.2947813,0
31896,0,0.74713564,1
31903,1,0.31968412,0
31913,0,0.53272575,1
31920,1,0.84574276,1
31932,0,0.3265566,0
31951,0,0.3773248,0
31967,0,0.18842988,0
31972,0,0.47968015,0
31974,0,0.37352633,0
31979,0,0.6805858,1
31982,0,0.5011233,1
31988,1,0.5669546,1
31994,0,0.37133777,0
31996,1,0.7768912,1
32006,0,0.32580513,0
32007,0,0.30453798,0
32009,0,0.8390501,1
32014,0,0.81464726,1
32017,0,0.34225386,0
32025,0,0.5726454,1
32032,0,0.78095603,1
32034,0,0.2440871,0
32042,0,0.4423327,0
32067,0,0.4958199,0
32091,0,0.523739,1
32094,0,0.09595361,0
32097,0,0.19374274,0
32112,1,0.54868066,1
32117,1,0.70039046,1
32124,0,0.4191968,0
32130,0,0.30099744,0
32133,0,0.7015084,1
32167,1,0.542745,1
32168,0,0.8404392,1
32183,0,0.82140577,1
32191,0,0.37330237,0
32193,0,0.7963715,1
32198,0,0.5253627,1
32202,1,0.78167355,1
32210,0,0.62183726,1
32231,0,0.3648816,0
32248,0,0.41157442,0
32258,0,0.34221667,0
32275,0,0.5417941,1
32277,0,0.55768347,1
32285,0,0.3193799,0
32286,0,0.55601543,1
32299,0,0.5130911,1
32306,0,0.48865533,0
32317,0,0.364279,0
32328,0,0.33202514,0
32342,0,0.2664524,0
32347,0,0.25276306,0
32349,1,0.7534581,1
32350,0,0.27921402,0
32357,1,0.47330362,0
32361,0,0.2757449,0
32372,0,0.2783976,0
32377,0,0.25419807,0
32381,0,0.312912,0
32391,1,0.22051619,0
32405,0,0.19573122,0
32406,0,0.15865241,0
32408,0,0.51750976,1
32409,0,0.22898307,0
32410,0,0.3192161,0
32433,1,0.82212603,1
32438,0,0.5273177,1
32448,0,0.30944166,0
32451,0,0.66919154,1
32460,0,0.16489536,0
32474,0,0.5560355,1
32478,0,0.3045949,0
32485,0,0.21483219,0
32488,0,0.2302067,0
32489,0,0.32829356,0
32501,0,0.1660457,0
32508,0,0.3293361,0
32511,0,0.54629076,1
32512,0,0.37891483,0
32521,0,0.23357026,0
32528,0,0.39070332,0
32534,0,0.16076429,0
32540,0,0.79725057,1
32542,0,0.3288679,0
32553,1,0.3966182,0
32557,1,0.28620425,0
32560,0,0.6243659,1
32568,0,0.17583145,0
32570,0,0.19852659,0
32576,0,0.3672887,0
32586,0,0.43172053,0
32594,0,0.34186655,0
32596,0,0.32335782,0
32597,0,0.41362834,0
32600,0,0.41443577,0
32606,0,0.42989895,0
32607,0,0.4340882,0
32625,0,0.55587465,1
32627,0,0.34669167,0
32636,0,0.700923,1
32649,0,0.5486881,1
32664,0,0.25456348,0
32670,0,0.4556021,0
32674,0,0.21186922,0
32679,1,0.52804667,1
32680,0,0.3033978,0
32698,1,0.41469273,0
32706,0,0.1274435,0
32711,0,0.47966847,0
32712,0,0.32373655,0
32713,1,0.15126604,0
32718,0,0.2188664,0
32725,0,0.37888455,0
32737,0,0.11875772,0
32744,0,0.25085577,0
32749,0,0.65255857,1
32754,0,0.36554557,0
32760,0,0.21275263,0
32763,0,0.688861,1
32767,0,0.5231973,1
32769,0,0.33443636,0
32770,1,0.29375544,0
32773,0,0.3235644,0
32779,0,0.3008678,0
32790,0,0.30247685,0
32802,1,0.8202556,1
32807,0,0.65126896,1
32811,0,0.20705725,0
32812,0,0.34116092,0
32814,0,0.334784,0
32817,1,0.5167237,1
32822,0,0.32056442,0
32823,0,0.17995922,0
32831,0,0.4897194,0
32838,0,0.20463142,0
32845,0,0.4818209,0
32848,0,0.5538791,1
32872,0,0.45501196,0
32898,0,0.39211103,0
32905,0,0.7443483,1
32913,0,0.5269521,1
32925,0,0.3564994,0
32928,0,0.48498338,0
32931,0,0.31674558,0
32944,0,0.47376263,0
32947,0,0.3875525,0
32950,0,0.2638303,0
32952,1,0.7871272,1
32953,0,0.6057726,1
32954,0,0.35619542,0
32956,0,0.13435368,0
32963,0,0.27256063,0
32964,0,0.34055007,0
32969,0,0.1855443,0
32975,0,0.30961952,0
32978,0,0.20976743,0
32984,0,0.3344989,0
32986,0,0.31675345,0
33008,0,0.36872384,0
33028,0,0.45986158,0
33038,0,0.40931404,0
33041,0,0.34159794,0
33044,0,0.13850787,0
33047,0,0.82643753,1
33050,0,0.18927099,0
33051,0,0.39758623,0
33070,1,0.80766815,1
33076,0,0.57643247,1
33079,0,0.35532483,0
33081,0,0.16452669,0
33093,0,0.45654842,0
33099,0,0.37505496,0
33103,0,0.29473877,0
33105,0,0.30946702,0
33115,1,0.47335976,0
33116,0,0.48051313,0
33123,0,0.43813297,0
33125,0,0.7058038,1
33126,0,0.14738394,0
33130,0,0.5347311,1
33147,0,0.38437945,0
33160,0,0.2039288,0
33169,0,0.3135935,0
33182,0,0.81129855,1
33196,0,0.30128625,0
33211,0,0.64267933,1
33222,0,0.38785663,0
33239,0,0.21197313,0
33243,0,0.34362918,0
33244,0,0.5257547,1
33256,0,0.30663005,0
33269,0,0.37635955,0
33275,0,0.7485257,1
33276,0,0.35958996,0
33279,0,0.15681921,0
33284,0,0.41943678,0
33304,0,0.78320575,1
33312,0,0.19856536,0
33313,0,0.514396,1
33331,0,0.32017303,0
33332,0,0.85043085,1
33335,1,0.24843805,0
33336,0,0.29854065,0
33338,0,0.5268973,1
33361,0,0.3544853,0
33364,0,0.34149832,0
33378,0,0.34500948,0
33385,0,0.5423621,1
33389,0,0.4536087,0
33392,0,0.40777415,0
33405,0,0.17608507,0
33407,0,0.6023635,1
33415,0,0.44628173,0
33434,0,0.89266163,1
33441,0,0.22791031,0
33451,0,0.3813428,0
33454,0,0.52320564,1
33455,1,0.80709034,1
33464,0,0.5149793,1
33480,0,0.27091014,0
33495,0,0.28460807,0
33496,0,0.61486757,1
33504,0,0.36268336,0
33512,1,0.26507953,0
33513,0,0.8232879,1
33519,0,0.17475769,0
33526,0,0.35003877,0
33531,0,0.25693476,0
33532,0,0.15092576,0
33533,0,0.34151632,0
33546,0,0.19486,0
33548,0,0.24276257,0
33556,0,0.6153571,1
33576,0,0.34482864,0
33599,0,0.25305146,0
33605,0,0.4073172,0
33614,0,0.3186626,0
33621,0,0.44396022,0
33622,0,0.6657947,1
33623,0,0.26162162,0
33625,0,0.43925893,0
33631,0,0.20219079,0
33647,0,0.5461448,1
33667,0,0.31980813,0
33674,0,0.47573215,0
33675,0,0.44434264,0
33678,0,0.28796503,0
33700,1,0.82134044,1
33715,1,0.8628751,1
33716,1,0.83722985,1
33726,0,0.69518137,1
33727,0,0.35672733,0
33729,0,0.8935192,1
33731,0,0.6636979,1
33733,1,0.87451273,1
33734,1,0.9083256,1
33740,0,0.82400763,1
33742,1,0.96443385,1
33749,0,0.7554901,1
33752,0,0.86868036,1
33758,0,0.4404431,0
33762,0,0.78750914,1
33767,1,0.4640286,0
33803,1,0.7992667,1
33807,0,0.79599434,1
33813,0,0.8056171,1
33817,0,0.9076937,1
33822,0,0.84129953,1
33828,0,0.54943633,1
33830,0,0.89112663,1
33842,0,0.8324394,1
33866,0,0.5669959,1
33881,1,0.5961429,1
33897,1,0.95577395,1
33903,0,0.8158942,1
33906,0,0.9334041,1
33909,1,0.49925178,0
33925,0,0.62821865,1
33945,0,0.73380023,1
33951,0,0.7145253,1
33972,0,0.83983827,1
33982,1,0.92158735,1
33987,0,0.6419073,1
33991,0,0.9708048,1
33995,0,0.91825247,1
34001,1,0.7922324,1
34006,0,0.94349796,1
34010,0,0.7793076,1
34011,1,0.96830857,1
34012,0,0.78136224,1
34013,1,0.66154766,1
34015,0,0.853333,1
34017,1,0.898001,1
34019,0,0.83203155,1
34028,1,0.89779407,1
34034,0,0.8702601,1
34057,0,0.9640443,1
34059,0,0.81181407,1
34064,1,0.9498411,1
34069,1,0.85334367,1
34074,0,0.69194525,1
34085,1,0.78018945,1
34089,1,0.9119319,1
34091,0,0.6436939,1
34094,1,0.7416493,1
34101,1,0.3159547,0
34107,1,0.9171483,1
34121,0,0.86493665,1
34122,0,0.5843417,1
34123,1,0.8293492,1
34126,0,0.22969836,0
34129,0,0.9188009,1
34132,0,0.88737005,1
34135,0,0.49605486,0
34136,0,0.54526323,1
34142,1,0.9096597,1
34144,0,0.37511015,0
34149,0,0.83404887,1
34171,0,0.9581155,1
34184,1,0.64411014,1
34187,0,0.5122971,1
34195,0,0.4694899,0
34210,1,0.7815093,1
34217,0,0.52918494,1
34219,0,0.5002702,1
34230,0,0.7411352,1
34241,1,0.45692205,0
34247,0,0.4923509,0
34250,0,0.25500527,0
34255,0,0.45684743,0
34260,0,0.6698186,1
34262,0,0.49954194,0
34266,0,0.6515197,1
34271,0,0.09331746,0
34272,0,0.640542,1
34273,1,0.2920614,0
34275,0,0.3253995,0
34277,0,0.09009792,0
34286,0,0.6370967,1
34288,0,0.6228679,1
34289,0,0.28485715,0
34302,1,0.55248415,1
34304,0,0.44288692,0
34308,1,0.5366185,1
34313,1,0.6499014,1
34321,0,0.25214562,0
34324,0,0.5475513,1
34343,0,0.19903058,0
34344,1,0.28244668,0
34347,0,0.60414535,1
34358,0,0.1295553,0
34362,0,0.6391923,1
34366,1,0.48283705,0
34369,0,0.59685516,1
34372,1,0.51584655,1
34393,0,0.64479285,1
34399,0,0.5454777,1
34401,0,0.24072966,0
34402,0,0.634177,1
34409,0,0.32382688,0
34410,0,0.365082,0
34415,0,0.16569103,0
34419,0,0.21307635,0
34440,0,0.40493634,0
34449,0,0.40942672,0
34452,0,0.31550148,0
34474,0,0.2943701,0
34476,0,0.2651447,0
34484,0,0.18099464,0
34489,0,0.40057927,0
34499,0,0.51829475,1
34500,0,0.47365126,0
34508,0,0.46622026,0
34510,0,0.47918874,0
34516,0,0.38421285,0
34528,0,0.1856338,0
34530,0,0.54374164,1
34531,0,0.19346502,0
34536,0,0.49332634,0
34538,0,0.4249915,0
34550,0,0.21405984,0
34555,0,0.11903106,0
34584,0,0.29560876,0
34585,0,0.19731745,0
34586,0,0.5234375,1
34591,0,0.30386403,0
34593,0,0.4698137,0
34611,0,0.2726287,0
34618,0,0.23259248,0
34623,0,0.8817047,1
34644,0,0.10499209,0
34653,0,0.20800062,0
34656,0,0.36867395,0
34658,0,0.5264476,1
34669,0,0.22033925,0
34671,0,0.5744421,1
34675,0,0.26701668,0
34677,0,0.27438074,0
34691,0,0.11637779,0
34696,0,0.28671274,0
34697,0,0.14833955,0
34707,0,0.27916315,0
34716,0,0.3343434,0
34717,0,0.3593402,0
34728,0,0.11458145,0
34736,0,0.43982646,0
34745,0,0.16697425,0
34747,0,0.3536615,0
34753,0,0.6604466,1
34754,0,0.43712696,0
34765,0,0.4361273,0
34777,0,0.40125498,0
34778,1,0.47901914,0
34811,0,0.31791177,0
34814,0,0.27881005,0
34815,0,0.47041622,0
34818,0,0.5309202,1
34832,0,0.3756268,0
34833,0,0.53218156,1
34835,1,0.2421634,0
34836,0,0.21381289,0
34839,0,0.11670856,0
34840,0,0.31484798,0
34853,0,0.39214948,0
34862,0,0.23992178,0
34880,0,0.20089233,0
34887,0,0.2528351,0
34888,0,0.34819287,0
34899,0,0.828826,1
34905,0,0.3178228,0
34914,0,0.58894587,1
34917,0,0.25375947,0
34938,0,0.5852831,1
34955,0,0.39287385,0
34957,0,0.46037146,0
34961,0,0.28702953,0
34966,0,0.5989252,1
34969,0,0.3057772,0
34975,0,0.5120119,1
34979,0,0.21211314,0
34983,0,0.16421163,0
34984,0,0.23277506,0
34987,0,0.32984674,0
34995,0,0.4004904,0
34997,0,0.35886562,0
35006,0,0.41978174,0
35012,0,0.32795405,0
35014,0,0.29436725,0
35021,0,0.23932663,0
35023,0,0.45493716,0
35053,0,0.45367748,0
35063,0,0.3400505,0
35073,0,0.32660913,0
35091,0,0.36936077,0
35094,0,0.3864132,0
35101,0,0.23004456,0
35102,0,0.45931792,0
35106,0,0.46455458,0
35109,0,0.48724836,0
35135,0,0.09265709,0
35139,0,0.26508835,0
35163,0,0.29373074,0
35166,0,0.31977746,0
35182,0,0.43286324,0
35196,0,0.44095835,0
35202,0,0.14811815,0
35203,0,0.19053756,0
35204,0,0.14751406,0
35207,0,0.54493046,1
35213,0,0.871386,1
35226,1,0.45244265,0
35231,0,0.47018394,0
35235,0,0.33576083,0
35238,0,0.5717908,1
35268,1,0.3282834,0
35270,0,0.41786292,0
35272,0,0.64261305,1
35286,0,0.27547216,0
35295,0,0.43787524,0
35299,0,0.51909876,1
35305,0,0.6208585,1
35306,1,0.58815056,1
35315,0,0.20866865,0
35318,0,0.25313497,0
35319,0,0.27786165,0
35320,0,0.05910775,0
35334,0,0.2744336,0
35338,0,0.19298719,0
35340,0,0.1855742,0
35351,0,0.46660635,0
35354,0,0.30714124,0
35369,0,0.30963004,0
35377,0,0.1714127,0
35382,0,0.4465831,0
35391,0,0.41183856,0
35393,0,0.47653556,0
35394,0,0.31236342,0
35407,0,0.1969525,0
35416,0,0.3415799,0
35420,0,0.13341974,0
35423,0,0.47064552,0
35427,0,0.56172585,1
35435,0,0.24694435,0
35449,0,0.17880271,0
35455,0,0.32814652,0
35457,0,0.18459262,0
35459,0,0.36207327,0
35460,0,0.34611169,0
35472,0,0.30705637,0
35476,0,0.5553253,1
35480,0,0.3954312,0
35483,0,0.36587048,0
35489,0,0.2409718,0
35502,0,0.27200535,0
35519,0,0.41812176,0
35523,0,0.4518679,0
35525,0,0.476031,0
35526,0,0.3610305,0
35546,0,0.53492653,1
35553,1,0.46419063,0
35554,0,0.31357154,0
35564,0,0.41796944,0
35569,0,0.3672981,0
35574,0,0.3814122,0
35576,0,0.386915,0
35585,0,0.34989712,0
35609,0,0.6284494,1
35611,0,0.47022036,0
35650,0,0.47343594,0
35652,0,0.4186684,0
35662,0,0.57874846,1
35674,0,0.2127509,0
35675,0,0.4169265,0
35679,0,0.5495197,1
35683,0,0.40614772,0
35710,0,0.3144141,0
35733,0,0.34346882,0
35742,0,0.19634113,0
35746,1,0.48979995,0
35751,0,0.26615548,0
35753,0,0.29468825,0
35770,0,0.15952903,0
35789,0,0.16554672,0
35793,0,0.28563288,0
35794,0,0.4465033,0
35797,0,0.34605664,0
35811,0,0.2165259,0
35824,0,0.3083564,0
35832,0,0.42528957,0
35835,0,0.3412052,0
35840,0,0.13769598,0
35864,0,0.30409032,0
35869,0,0.31680158,0
35874,0,0.27876493,0
35877,0,0.30962178,0
35878,0,0.28090665,0
35879,0,0.39504772,0
35881,0,0.2886668,0
35883,0,0.34206814,0
35884,0,0.39294007,0
35888,0,0.30239478,0
35889,0,0.3177735,0
35899,0,0.4315854,0
35913,0,0.24114753,0
35927,0,0.42760822,0
35934,0,0.059747934,0
35945,0,0.20699549,0
35957,1,0.109846525,0
35959,0,0.405751,0
35963,0,0.14284326,0
35966,0,0.31757593,0
35980,0,0.54941356,1
35984,0,0.25939423,0
35987,0,0.10648875,0
35989,0,0.37879217,0
35994,0,0.42675483,0
36001,0,0.6670471,1
36002,0,0.19318661,0
36011,0,0.4502768,0
36018,0,0.19307975,0
36022,0,0.3650521,0
36025,0,0.45723212,0
36026,0,0.121767625,0
36031,0,0.13028632,0
36036,0,0.28950533,0
36040,0,0.07846234,0
36048,1,0.21912506,0
36053,0,0.28179008,0
36070,0,0.4356799,0
36071,0,0.6082872,1
36073,0,0.35066772,0
36083,0,0.43220517,0
36089,0,0.39217135,0
36106,0,0.38882995,0
36109,0,0.36510742,0
36110,1,0.2514983,0
36112,0,0.26026013,0
36118,0,0.38929197,0
36141,0,0.35461915,0
36153,0,0.29352948,0
36154,0,0.30062228,0
36159,0,0.37718683,0
36162,0,0.14026465,0
36172,0,0.2504359,0
36173,1,0.37435386,0
36175,0,0.3611293,0
36176,0,0.42756248,0
36177,0,0.35645476,0
36183,0,0.35531127,0
36190,0,0.45134985,0
36197,0,0.4071975,0
36198,0,0.4568631,0
36200,0,0.203626,0
36204,0,0.4144113,0
36206,0,0.32051423,0
36208,0,0.2884223,0
36211,0,0.3425715,0
36222,0,0.29323697,0
36225,0,0.606026,1
36234,0,0.27648044,0
36245,0,0.32424158,0
36250,0,0.35636142,0
36251,0,0.32208258,0
36257,0,0.38661045,0
36258,0,0.37003437,0
36266,0,0.35266188,0
36274,0,0.19615114,0
36275,0,0.20122333,0
36276,0,0.18914944,0
36279,0,0.33488607,0
36286,0,0.44745868,0
36288,0,0.2612935,0
36304,0,0.31876507,0
36311,0,0.32983094,0
36313,0,0.5637213,1
36320,0,0.3749684,0
36326,0,0.6051926,1
36329,0,0.3946858,0
36334,0,0.15073395,0
36338,0,0.27698943,0
36343,0,0.20283268,0
36346,0,0.47838014,0
36355,0,0.21409015,0
36357,0,0.3842082,0
36360,0,0.41845027,0
36363,0,0.23712634,0
36369,0,0.30130532,0
36370,0,0.3518493,0
36375,0,0.20089313,0
36376,0,0.41822425,0
36382,0,0.28775674,0
36384,0,0.43299147,0
36390,0,0.2800212,0
36394,0,0.28018838,0
36399,0,0.20176964,0
36413,0,0.19963953,0
36414,0,0.44117758,0
36419,1,0.51427126,1
36424,0,0.41834167,0
36425,0,0.39803287,0
36429,0,0.43235683,0
36433,0,0.3042901,0
36439,0,0.11020718,0
36440,0,0.13664956,0
36441,0,0.35747528,0
36448,0,0.60383785,1
36462,0,0.36782995,0
36464,0,0.60618865,1
36467,0,0.3320714,0
36476,0,0.17271835,0
36481,0,0.3503898,0
36483,0,0.1432257,0
36503,0,0.37595832,0
36508,0,0.271328,0
36509,0,0.15885498,0
36510,0,0.27817407,0
36515,0,0.28131524,0
36516,1,0.36367616,0
36522,0,0.4249867,0
36528,0,0.45194182,0
36532,0,0.21499884,0
36535,0,0.36213505,0
36561,0,0.8286037,1
36578,0,0.35669485,0
36585,0,0.33639085,0
36587,0,0.47156745,0
36591,0,0.3636768,0
36592,0,0.29555807,0
36598,0,0.37674862,0
36599,1,0.28483048,0
36606,0,0.16055772,0
36611,0,0.38321197,0
36619,0,0.5128891,1
36631,0,0.14482008,0
36632,0,0.5145622,1
36639,0,0.14694066,0
36644,0,0.34572262,0
36667,0,0.34626383,0
36668,0,0.16729225,0
36670,1,0.44132626,0
36673,0,0.44690704,0
36677,0,0.41585356,0
36680,0,0.31382772,0
36683,0,0.27457944,0
36686,0,0.36072376,0
36691,0,0.64105177,1
36696,0,0.34313235,0
36698,0,0.38280636,0
36707,0,0.30967227,0
36709,0,0.21384704,0
36710,0,0.6155458,1
36713,0,0.16203438,0
36718,0,0.24774499,0
36727,0,0.531992,1
36735,0,0.41175598,0
36745,0,0.45792985,0
36753,0,0.26159766,0
36764,0,0.4773867,0
36769,0,0.42679048,0
36784,0,0.17094691,0
36788,0,0.32550678,0
36796,0,0.45199224,0
36805,0,0.39567727,0
36807,0,0.36351246,0
36810,0,0.38164002,0
36820,0,0.6121288,1
36822,0,0.13860135,0
36828,0,0.5476145,1
36830,0,0.17602542,0
36831,0,0.40263644,0
36856,0,0.13036498,0
36858,0,0.2871956,0
36880,0,0.2275885,0
36882,0,0.5214835,1
36888,0,0.370901,0
36889,1,0.28684074,0
36892,0,0.2842814,0
36900,0,0.41047964,0
36906,0,0.33578727,0
36927,0,0.24178676,0
36935,0,0.38988537,0
36936,0,0.16401945,0
36945,0,0.3792941,0
36952,0,0.32391465,0
36953,0,0.19459543,0
36967,0,0.13837886,0
36972,0,0.37118945,0
36973,0,0.45743176,0
36976,0,0.2068317,0
36985,1,0.24762203,0
36993,0,0.14291094,0
37000,0,0.46800652,0
37007,0,0.2667626,0
37008,0,0.15647909,0
37011,0,0.54753745,1
37014,0,0.11748551,0
37017,1,0.25335962,0
37021,0,0.30295444,0
37023,0,0.661671,1
37032,0,0.3701884,0
37041,0,0.3235315,0
37044,0,0.44863617,0
37058,0,0.28931612,0
37073,0,0.13567865,0
37076,0,0.22085081,0
37084,0,0.15433884,0
37087,0,0.44060656,0
37102,0,0.17947114,0
37111,0,0.1382689,0
37117,1,0.29198977,0
37122,0,0.18541676,0
37126,0,0.3109964,0
37133,1,0.8817692,1
37139,0,0.36969063,0
37147,0,0.36338228,0
37149,0,0.45900217,0
37158,1,0.38157788,0
37168,0,0.4849231,0
37171,0,0.56433976,1
37195,0,0.35041818,0
37204,0,0.20666996,0
37206,0,0.40369642,0
37211,0,0.40675414,0
37212,0,0.16156323,0
37218,0,0.27761087,0
37221,0,0.14230198,0
37233,0,0.2027167,0
37262,0,0.32207847,0
37269,0,0.19484267,0
37278,0,0.30551204,0
37292,0,0.15292162,0
37293,0,0.87702,1
37299,0,0.3063369,0
37302,0,0.43541288,0
37321,0,0.6070757,1
37324,0,0.33415803,0
37328,1,0.29084745,0
37332,0,0.35695687,0
37334,0,0.52668893,1
37339,0,0.46599138,0
37349,1,0.4916852,0
37356,0,0.6670388,1
37357,1,0.42896897,0
37364,0,0.48157358,0
37369,0,0.31541583,0
37394,0,0.49146086,0
37402,0,0.16182627,0
37407,0,0.17048176,0
37409,0,0.28393176,0
37412,0,0.25834915,0
37416,0,0.38993633,0
37422,0,0.32814926,0
37428,0,0.24018987,0
37437,0,0.11407867,0
37447,0,0.45362365,0
37449,0,0.33935842,0
37456,0,0.16601224,0
37469,0,0.2496169,0
37480,0,0.046076074,0
37482,0,0.14548239,0
37499,0,0.42025316,0
37508,0,0.32414493,0
37509,0,0.2974137,0
37516,0,0.34337717,0
37518,1,0.6296049,1
37522,0,0.5793514,1
37549,0,0.50813633,1
37550,0,0.13826601,0
37552,0,0.27660093,0
37555,0,0.18647057,0
37556,0,0.4670086,0
37558,0,0.24577063,0
37575,0,0.31873134,0
37576,0,0.1221916,0
37593,0,0.42056075,0
37598,0,0.506207,1
37601,0,0.49489892,0
37606,0,0.43664742,0
37624,0,0.57280463,1
37634,0,0.5486826,1
37645,0,0.35818785,0
37659,0,0.5109355,1
37663,1,0.2773572,0
37684,0,0.52369463,1
37686,0,0.32417732,0
37696,0,0.31977788,0
37701,0,0.18003924,0
37707,0,0.51024127,1
37711,1,0.32743406,0
37712,0,0.4373183,0
37721,0,0.08027424,0
37725,0,0.3067036,0
37728,0,0.45852518,0
37730,0,0.33517402,0
37748,0,0.157997,0
37757,0,0.6082675,1
37759,0,0.5876426,1
37760,0,0.12503314,0
37764,0,0.49238524,0
37765,0,0.44590592,0
37769,0,0.41709456,0
37774,0,0.30782187,0
37775,0,0.5085204,1
37780,1,0.31793576,0
37787,0,0.16372353,0
37796,0,0.46178088,0
37800,0,0.1981622,0
37804,0,0.5459083,1
37805,0,0.51854324,1
37811,1,0.8410847,1
37822,0,0.38754126,0
37825,0,0.33094007,0
37827,0,0.46676457,0
37845,0,0.28371468,0
37861,0,0.49278298,0
37865,0,0.4521247,0
37874,0,0.48444608,0
37878,0,0.38595036,0
37879,0,0.1421526,0
37885,0,0.52763385,1
37896,1,0.43216866,0
37899,0,0.24120934,0
37904,0,0.31770456,0
37910,0,0.28791893,0
37945,0,0.346179,0
37949,1,0.55888176,1
37965,0,0.60189974,1
37969,0,0.29738247,0
37985,0,0.34288195,0
37990,1,0.3689283,0
37991,0,0.25749016,0
38010,0,0.20648398,0
38012,1,0.21616042,0
38018,0,0.5178693,1
38020,0,0.23666991,0
38021,0,0.3600077,0
38027,0,0.4299627,0
38030,0,0.6136586,1
38033,0,0.41067562,0
38050,0,0.11355808,0
38056,0,0.048550997,0
38074,0,0.21757239,0
38076,0,0.043185282,0
38085,0,0.071389325,0
38087,0,0.54339325,1
38089,1,0.41577366,0
38090,0,0.3781057,0
38095,0,0.23181495,0
38097,0,0.35384747,0
38103,1,0.47017777,0
38107,0,0.3947521,0
38122,0,0.06285841,0
38126,0,0.12493131,0
38135,0,0.30505246,0
38138,0,0.48776773,0
38150,0,0.4854851,0
38152,1,0.2003622,0
38166,1,0.3720946,0
38187,0,0.21900441,0
38193,0,0.17419943,0
38197,0,0.03987424,0
38199,0,0.59754425,1
38216,0,0.560981,1
38220,0,0.21042582,0
38225,0,0.26815006,0
38239,0,0.4417403,0
38244,0,0.24066517,0
38253,0,0.34259224,0
38260,0,0.52297527,1
38261,0,0.19521302,0
38271,1,0.3341491,0
38281,0,0.35174868,0
38291,0,0.6323352,1
38294,0,0.5255293,1
38302,0,0.55391484,1
38312,0,0.515554,1
38320,0,0.70891935,1
38322,0,0.3363239,0
38335,0,0.3399183,0
38343,0,0.3132124,0
38346,0,0.5247056,1
38348,0,0.60334355,1
38350,0,0.33325455,0
38366,0,0.038201615,0
38367,1,0.6057536,1
38370,0,0.36392412,0
38377,0,0.5190662,1
38387,0,0.32379588,0
38388,0,0.29956767,0
38392,1,0.2903324,0
38393,0,0.13469411,0
38394,1,0.27647015,0
38413,0,0.43440527,0
38419,0,0.33060226,0
38425,0,0.5645194,1
38427,0,0.51635665,1
38429,0,0.4569332,0
38441,0,0.16592485,0
38467,0,0.37049833,0
38479,0,0.51628435,1
38487,0,0.27553362,0
38491,1,0.18747212,0
38492,1,0.47689766,0
38524,0,0.3299963,0
38527,1,0.4205505,0
38529,0,0.34350798,0
38533,0,0.510816,1
38534,1,0.29112095,0
38537,0,0.123993166,0
38539,0,0.510402,1
38542,0,0.38629633,0
38547,0,0.25709856,0
38563,0,0.15003295,0
38571,0,0.37230897,0
38572,0,0.13130353,0
38573,0,0.09347542,0
38574,0,0.3952122,0
38581,0,0.36599332,0
38582,0,0.42592463,0
38584,0,0.60350496,1
38589,0,0.14238755,0
38610,0,0.18717776,0
38614,0,0.08864305,0
38616,0,0.3556069,0
38630,0,0.5495031,1
38638,0,0.47868985,0
38639,0,0.50248665,1
38643,0,0.30215833,0
38665,0,0.31688932,0
38667,0,0.2852252,0
38680,0,0.24155611,0
38684,0,0.22006212,0
38688,0,0.31291237,0
38698,0,0.52268344,1
38706,0,0.3196404,0
38707,0,0.4981504,0
38713,0,0.5270456,1
38725,1,0.13103186,0
38733,0,0.5848155,1
38737,0,0.24094862,0
38747,0,0.22207089,0
38765,1,0.42628103,0
38767,0,0.31748307,0
38773,0,0.52285284,1
38777,0,0.043521907,0
38778,0,0.5342571,1
38781,0,0.05198331,0
38795,0,0.46414536,0
38810,0,0.38446552,0
38817,0,0.5835992,1
38834,0,0.47368836,0
38843,0,0.36939973,0
38845,0,0.2733517,0
38846,0,0.34031594,0
38857,0,0.46239913,0
38872,0,0.48826525,0
38874,0,0.40026957,0
38876,0,0.5873364,1
38879,0,0.2779664,0
38882,0,0.4053529,0
38889,1,0.3501561,0
38895,0,0.64471763,1
38902,0,0.60094184,1
38903,0,0.4282433,0
38906,0,0.35886362,0
38909,0,0.40380502,0
38939,0,0.26180264,0
38944,0,0.4053875,0
38951,0,0.53920984,1
38962,0,0.56581986,1
38970,0,0.36599708,0
38971,0,0.571811,1
38972,0,0.50178504,1
38974,0,0.2656255,0
38978,0,0.45183083,0
38981,0,0.659484,1
38989,0,0.50148344,1
39002,0,0.30339128,0
39005,0,0.25362933,0
39007,0,0.5872294,1
39014,0,0.3189685,0
39017,1,0.48043036,0
39025,1,0.37723306,0
39039,1,0.6118263,1
39042,0,0.6001126,1
39051,0,0.4323151,0
39054,1,0.57646453,1
39059,0,0.19035356,0
39078,0,0.5350884,1
39081,0,0.38806352,0
39082,0,0.56426793,1
39097,0,0.53526914,1
39101,0,0.57824045,1
39105,0,0.8486743,1
39119,0,0.1761652,0
39127,0,0.40328652,0
39131,0,0.27808252,0
39138,0,0.39470735,0
39144,0,0.5591027,1
39145,0,0.30628744,0
39148,0,0.2993936,0
39153,0,0.32925695,0
39157,0,0.3203731,0
39169,0,0.40255257,0
39173,0,0.2801533,0
39190,0,0.5219546,1
39203,0,0.3114369,0
39205,0,0.27293047,0
39219,0,0.09461325,0
39222,0,0.1790186,0
39234,0,0.18522081,0
39238,0,0.52800137,1
39246,0,0.45109755,0
39258,0,0.5195793,1
39266,0,0.5326814,1
39269,0,0.19052957,0
39271,0,0.45379424,0
39282,0,0.5432001,1
39284,0,0.34496272,0
39289,0,0.46171,0
39291,0,0.3905929,0
39292,0,0.3098222,0
39293,0,0.20803374,0
39300,0,0.4765036,0
39301,0,0.37400445,0
39313,0,0.1282989,0
39322,0,0.23658267,0
39335,0,0.27929795,0
39339,0,0.40430886,0
39341,0,0.13663921,0
39344,0,0.23874637,0
39367,1,0.739112,1
39368,0,0.7554015,1
39382,0,0.5495519,1
39398,0,0.67410547,1
39407,1,0.42545837,0
39419,1,0.69262874,1
39422,0,0.7012058,1
39428,0,0.7462164,1
39432,0,0.78850025,1
39437,0,0.40249965,0
39456,1,0.6124326,1
39479,0,0.49143955,0
39482,0,0.42557406,0
39484,1,0.3414368,0
39491,0,0.7104765,1
39492,1,0.80890435,1
39501,0,0.5232449,1
39504,0,0.8234603,1
39507,1,0.3131493,0
39521,1,0.5702755,1
39524,1,0.7675735,1
39531,0,0.5570236,1
39539,0,0.53335387,1
39547,1,0.86681145,1
39556,0,0.7670405,1
39557,0,0.6184749,1
39559,0,0.54764265,1
39573,0,0.19863135,0
39574,0,0.4378718,0
39575,0,0.8613516,1
39583,1,0.48663488,0
39597,1,0.55388284,1
39605,1,0.8359602,1
39612,0,0.504802,1
39643,0,0.72927445,1
39648,0,0.75376207,1
39650,1,0.6796626,1
39654,0,0.652943,1
39664,0,0.71971816,1
39695,0,0.77300155,1
39696,0,0.64992094,1
39698,0,0.49130243,0
39700,0,0.40485293,0
39712,0,0.42331883,0
39713,0,0.36530077,0
39722,0,0.5825246,1
39723,0,0.87937057,1
39724,1,0.87148774,1
39726,0,0.21820426,0
39733,0,0.20910932,0
39744,0,0.5348968,1
39760,0,0.81722516,1
39770,0,0.97006994,1
39785,0,0.80837435,1
39792,1,0.8480883,1
39798,0,0.6834064,1
39815,0,0.7768723,1
39816,1,0.8480996,1
39846,1,0.7966664,1
39851,1,0.7809118,1
39858,0,0.84341085,1
39859,1,0.86358744,1
39864,0,0.8057386,1
39865,1,0.8624996,1
39866,1,0.7768854,1
39874,1,0.77917016,1
39876,0,0.8378221,1
39883,0,0.75377154,1
39891,0,0.7787743,1
39897,0,0.74493706,1
39914,0,0.87797225,1
39916,0,0.83788365,1
39922,0,0.8565924,1
39923,0,0.84026086,1
39927,0,0.8159394,1
39930,0,0.7747311,1
39931,1,0.6036896,1
39934,0,0.7949811,1
39936,0,0.6899379,1
39937,1,0.8840072,1
39938,0,0.82803345,1
39943,0,0.8781535,1
39945,0,0.68402976,1
39956,0,0.84658563,1
39957,1,0.81221384,1
39963,0,0.87879103,1
39984,1,0.7749794,1
39992,0,0.7670013,1
39996,1,0.83134496,1
39999,0,0.76052916,1
40009,0,0.69139594,1
40010,0,0.8494177,1
40016,0,0.69564605,1
40022,0,0.8082512,1
40025,1,0.83565825,1
40026,0,0.7911717,1
40030,0,0.60719764,1
40032,0,0.54685885,1
40038,0,0.7907854,1
40041,0,0.76797134,1
40044,0,0.7580362,1
40050,0,0.820439,1
40057,0,0.8458019,1
40068,1,0.5615322,1
40070,1,0.7157491,1
40071,1,0.89304847,1
40080,1,0.8575594,1
40082,1,0.529709,1
40086,1,0.8928472,1
40096,0,0.786565,1
40107,0,0.7958289,1
40109,0,0.5266772,1
40116,0,0.79542285,1
40121,0,0.81383836,1
40130,1,0.86636513,1
40147,0,0.85398793,1
40150,1,0.5687755,1
40164,0,0.84794086,1
40173,0,0.79137236,1
40186,0,0.73549086,1
40189,0,0.8768806,1
40191,0,0.7831288,1
40197,0,0.9360809,1
40200,1,0.7656776,1
40209,0,0.8641118,1
40228,1,0.7524749,1
40231,1,0.76952493,1
40233,1,0.6153377,1
40234,0,0.5524213,1
40236,0,0.69261616,1
40247,1,0.7760381,1
40248,0,0.8188229,1
40255,0,0.8782128,1
40259,0,0.83159906,1
40275,1,0.881793,1
40279,1,0.85588634,1
40290,0,0.78545314,1
40298,1,0.8531437,1
40299,1,0.73295003,1
40304,0,0.9104182,1
40318,0,0.7722353,1
40329,0,0.7894841,1
40336,0,0.3713868,0
40340,0,0.7285876,1
40343,0,0.8417437,1
40349,1,0.75566447,1
40350,1,0.8726941,1
40357,0,0.6352088,1
40363,1,0.7776697,1
40371,0,0.5515168,1
40375,1,0.8539391,1
40384,0,0.8438573,1
40394,1,0.5458512,1
40431,0,0.3532077,0
40433,0,0.465292,0
40445,0,0.6559158,1
40447,1,0.683025,1
40449,1,0.6522282,1
40457,1,0.61731255,1
40459,1,0.6194988,1
40475,0,0.46835956,0
40478,1,0.40816942,0
40485,0,0.3850417,0
40494,0,0.6064324,1
40500,0,0.47573388,0
40501,0,0.3970278,0
40502,1,0.4529826,0
40507,0,0.5434211,1
40513,1,0.2650731,0
40514,1,0.21589693,0
40515,0,0.69051784,1
40521,1,0.396938,0
40522,1,0.7596545,1
40523,1,0.75742453,1
40524,1,0.5093775,1
40527,0,0.32084274,0
40542,0,0.35841113,0
40547,0,0.27805868,0
40549,0,0.48397633,0
40552,1,0.66542834,1
40555,1,0.7596055,1
40559,1,0.8075306,1
40561,0,0.63172597,1
40564,1,0.7810373,1
40565,0,0.35159594,0
40575,0,0.25979215,0
40584,0,0.6213063,1
40589,0,0.35356992,0
40590,1,0.94904816,1
40599,0,0.3645777,0
40601,0,0.613387,1
40607,0,0.9136928,1
40612,0,0.65882957,1
40628,0,0.894984,1
40631,1,0.90097445,1
40635,1,0.6762933,1
40645,0,0.76735026,1
40646,0,0.22511287,0
40647,1,0.5999306,1
40651,1,0.8960951,1
40659,0,0.31171772,0
40671,0,0.480522,0
40673,0,0.59677905,1
40691,0,0.28708175,0
40692,0,0.1348954,0
40696,1,0.6321748,1
40703,0,0.5097756,1
40707,1,0.51559836,1
40711,0,0.98665035,1
40722,0,0.38173962,0
40741,0,0.32579404,0
40751,0,0.5630303,1
40759,0,0.8348565,1
40775,0,0.9496707,1
40776,0,0.543288,1
40778,0,0.7437375,1
40781,1,0.6776897,1
40786,0,0.9100102,1
40794,0,0.78477913,1
40797,0,0.546381,1
40827,0,0.74649817,1
40831,0,0.41874886,0
40833,1,0.387594,0
40839,0,0.38306168,0
40841,0,0.70547706,1
40852,0,0.49208185,0
40856,0,0.8535365,1
40863,1,0.44809628,0
40864,0,0.5772102,1
40866,0,0.9263364,1
40904,1,0.64274454,1
40910,0,0.8461916,1
40912,0,0.5805126,1
40914,0,0.8767048,1
40922,0,0.90281147,1
40929,0,0.7280361,1
40940,1,0.927807,1
40949,0,0.36236432,0
40954,1,0.8099651,1
40958,1,0.52154636,1
40975,0,0.34537607,0
40986,0,0.38692963,0
40994,0,0.56842345,1
41003,0,0.8863442,1
41016,1,0.871636,1
41017,0,0.6046535,1
41030,1,0.3931433,0
41031,0,0.39153016,0
41032,1,0.9006179,1
41034,0,0.5295116,1
41039,1,0.61176914,1
41040,0,0.5698004,1
41047,1,0.55514,1
41064,0,0.9343232,1
41067,0,0.7045234,1
41070,1,0.45827457,0
41071,1,0.22979625,0
41083,1,0.49827918,0
41084,0,0.8516568,1
41087,0,0.38891786,0
41088,0,0.288347,0
41122,1,0.63435555,1
41126,0,0.7321827,1
41128,0,0.636454,1
41133,0,0.7985067,1
41136,0,0.6930033,1
41139,1,0.5430817,1
41140,0,0.39866945,0
41149,1,0.9275178,1
41156,0,0.77656484,1
41183,0,0.7465434,1
41185,1,0.64221317,1
41193,1,0.5692744,1
41198,1,0.40085417,0
41205,1,0.24589434,0
41215,0,0.23853858,0
41222,0,0.21691616,0
41223,0,0.44006833,0
41241,1,0.96479934,1
41243,0,0.575295,1
41245,1,0.83797437,1
41247,0,0.9465615,1
41249,0,0.5984262,1
41264,1,0.9092246,1
41284,0,0.43777493,0
41296,1,0.62751704,1
41304,0,0.2440918,0
41309,0,0.7098043,1
41310,1,0.65360343,1
41320,1,0.22871855,0
41322,0,0.52433956,1
41326,0,0.38578522,0
41328,0,0.58888453,1
41330,0,0.45658848,0
41339,0,0.3917164,0
41364,0,0.15383285,0
41365,1,0.43111366,0
41372,0,0.6463464,1
41381,0,0.8161626,1
41382,1,0.8173754,1
41383,0,0.8295274,1
41384,0,0.65925676,1
41386,0,0.71027964,1
41387,0,0.87964374,1
41389,0,0.83997774,1
41392,1,0.8334595,1
41399,1,0.75020164,1
41400,0,0.6049568,1
41406,0,0.8204696,1
41418,1,0.8497393,1
41419,0,0.68181145,1
41429,0,0.8714946,1
41433,0,0.84067756,1
41438,1,0.97302294,1
41441,0,0.7182313,1
41455,1,0.8781191,1
41457,0,0.7055438,1
41460,0,0.82887864,1
41464,0,0.88659894,1
41465,1,0.54989856,1
41483,0,0.6241149,1
41492,1,0.95538914,1
41505,1,0.8288608,1
41513,0,0.7365522,1
41520,0,0.84994483,1
41521,0,0.5477425,1
41540,0,0.8493902,1
41555,1,0.64275396,1
41561,1,0.80808324,1
41568,0,0.8956465,1
41573,1,0.96996474,1
41574,1,0.70147943,1
41575,1,0.860395,1
41578,1,0.9519277,1
41591,1,0.9488827,1
41606,1,0.8785058,1
41609,0,0.8347199,1
41610,1,0.9650723,1
41628,0,0.627113,1
41632,0,0.81358474,1
41635,1,0.94465405,1
41641,1,0.9478442,1
41643,1,0.61685365,1
41645,0,0.60346484,1
41649,0,0.8844156,1
41657,0,0.560666,1
41659,0,0.9339049,1
41664,0,0.6963107,1
41677,0,0.5497604,1
41681,1,0.7612335,1
41683,1,0.9353419,1
41684,0,0.62261015,1
41685,0,0.3863136,0
41694,0,0.7589551,1
41697,0,0.7627662,1
41698,0,0.7173223,1
41714,1,0.75704175,1
41715,0,0.80146444,1
41716,0,0.6452579,1
41721,0,0.6560133,1
41725,0,0.72291756,1
41736,0,0.64848286,1
41766,0,0.6152969,1
41777,0,0.6000355,1
41809,1,0.5221744,1
41819,0,0.853042,1
41832,0,0.8926618,1
41835,0,0.68547046,1
41842,1,0.94665104,1
41854,0,0.66578877,1
41869,1,0.91996926,1
41876,0,0.7961445,1
41878,0,0.8248161,1
41882,0,0.75523174,1
41885,1,0.9284343,1
41888,0,0.79606473,1
41893,0,0.72406363,1
41899,1,0.9013901,1
41914,1,0.9609237,1
41919,0,0.8016358,1
41928,1,0.8482267,1
41930,1,0.87207294,1
41931,1,0.7047165,1
41934,1,0.90186226,1
41947,1,0.94870025,1
41949,1,0.8481126,1
41964,0,0.88741136,1
41974,0,0.75104785,1
41975,0,0.8030387,1
41981,0,0.9021097,1
41996,0,0.77327764,1
41998,0,0.79153013,1
42020,1,0.83482075,1
42034,1,0.9530606,1
42036,1,0.8291827,1
42039,0,0.7767982,1
42052,0,0.89181083,1
42060,1,0.7589821,1
42075,0,0.88006485,1
42091,1,0.92491734,1
42097,0,0.6775985,1
42104,0,0.5809651,1
42110,0,0.7457113,1
42111,1,0.9300081,1
42118,0,0.2635561,0
42121,1,0.5032961,1
42125,1,0.63410354,1
42126,1,0.27367958,0
42127,1,0.47361434,0
42135,0,0.7239361,1
42143,0,0.8795716,1
42152,0,0.6676451,1
42168,1,0.85246867,1
42169,1,0.87423825,1
42172,1,0.95308155,1
42175,1,0.39145297,0
42179,0,0.39563823,0
42195,1,0.1066896,0
42202,0,0.38275728,0
42205,0,0.7061165,1
42207,0,0.66355306,1
42211,0,0.56935483,1
42221,1,0.9362928,1
42227,1,0.90806687,1
42254,1,0.71623373,1
42255,0,0.30238226,0
42265,1,0.5936056,1
42267,1,0.3650416,0
42272,0,0.7670959,1
42278,1,0.70774066,1
42287,1,0.7666221,1
42290,1,0.46170482,0
42297,0,0.709475,1
42308,0,0.6343227,1
42318,1,0.30856258,0
42320,0,0.21685186,0
42322,1,0.8919288,1
42326,1,0.24420762,0
42328,0,0.61568063,1
42339,1,0.23638064,0
42348,1,0.82050526,1
42349,0,0.28914243,0
42352,0,0.8068188,1
42353,0,0.6018984,1
42358,0,0.338719,0
42383,0,0.9486933,1
42386,1,0.8693882,1
42390,1,0.8877752,1
42398,1,0.8356737,1
42402,0,0.84661674,1
42403,1,0.8795046,1
42419,1,0.7639437,1
42425,0,0.8047053,1
42429,0,0.82729733,1
42451,0,0.911123,1
42476,0,0.8547703,1
42487,0,0.88273764,1
42488,0,0.88549167,1
42494,0,0.91295993,1
42495,1,0.81878567,1
42498,0,0.9289426,1
42500,0,0.8116532,1
42502,1,0.91215235,1
42508,0,0.6844729,1
42510,0,0.7709228,1
42516,1,0.9610833,1
42536,0,0.67853755,1
42547,1,0.9298207,1
42553,0,0.8354819,1
42572,1,0.9138854,1
42584,0,0.8633079,1
42593,0,0.24795537,0
42594,0,0.24388549,0
42612,1,0.6113996,1
42620,1,0.7763385,1
42622,0,0.69438577,1
42626,1,0.78940266,1
42635,1,0.8044587,1
42638,0,0.69537276,1
42640,0,0.7166715,1
42648,0,0.6220016,1
42655,1,0.54435587,1
42680,1,0.52420634,1
42683,1,0.698238,1
42700,0,0.48343775,0
42709,0,0.9629602,1
42714,0,0.7124321,1
42717,0,0.9047805,1
42729,0,0.47839487,0
42730,1,0.9415048,1
42738,0,0.14269267,0
42748,1,0.87752104,1
42754,1,0.3192226,0
42756,1,0.2369171,0
42757,0,0.40854684,0
42761,0,0.37948132,0
42771,0,0.5550263,1
42777,0,0.032477736,0
42780,0,0.53994095,1
42781,0,0.29130706,0
42784,1,0.91687804,1
42787,1,0.8239775,1
42796,0,0.19193526,0
42799,1,0.36508,0
42806,1,0.37068054,0
42809,0,0.08629443,0
42810,1,0.8598997,1
42823,0,0.20233025,0
42826,0,0.5429566,1
42831,0,0.18262218,0
42832,0,0.41403127,0
42836,0,0.39007336,0
42851,1,0.9563158,1
42852,0,0.5417207,1
42860,1,0.9001988,1
42863,0,0.69191086,1
42879,0,0.70021176,1
42893,1,0.5884101,1
42901,0,0.37643588,0
42907,0,0.95499223,1
42937,0,0.9521125,1
42940,0,0.70299464,1
42950,1,0.69669,1
42952,1,0.8470506,1
42958,1,0.9175502,1
42962,1,0.36527666,0
42966,1,0.95718986,1
42969,0,0.513747,1
42972,1,0.55777717,1
42977,1,0.95139915,1
42984,0,0.5671373,1
42986,1,0.97485954,1
42998,1,0.9396023,1
43000,1,0.8515712,1
43005,1,0.9708916,1
43009,1,0.8493992,1
43011,1,0.88149226,1
43013,1,0.9254217,1
43015,1,0.93300873,1
43019,1,0.7894181,1
43032,1,0.91885144,1
43035,1,0.8513159,1
43039,1,0.94726807,1
43041,1,0.97339094,1
43045,0,0.8967421,1
43055,1,0.7623781,1
43059,1,0.8317783,1
43068,0,0.67647797,1
43075,0,0.7084814,1
43079,1,0.592494,1
43097,0,0.6917891,1
43101,0,0.70877963,1
43102,1,0.92400956,1
43110,1,0.9162897,1
43117,0,0.85085666,1
43121,0,0.78973025,1
43123,1,0.9680599,1
43131,1,0.81566954,1
43136,0,0.7843376,1
43137,0,0.86467624,1
43143,0,0.6579005,1
43145,0,0.91303355,1
43148,1,0.94063705,1
43150,1,0.9821,1
43154,1,0.9041239,1
43164,1,0.9829625,1
43165,0,0.98311126,1
43168,0,0.8287381,1
43171,0,0.48556274,0
43186,1,0.8076315,1
43197,1,0.97461116,1
43202,0,0.8103909,1
43212,0,0.7133983,1
43213,1,0.83357006,1
43215,0,0.97856677,1
43217,0,0.92875683,1
43218,1,0.7844693,1
43226,1,0.6245458,1
43228,1,0.9412866,1
43234,0,0.6964523,1
43242,1,0.7227027,1
43243,1,0.9280405,1
43260,1,0.9026564,1
43270,0,0.82401115,1
43271,0,0.896395,1
43275,0,0.8799406,1
43294,1,0.96724343,1
43297,0,0.80221677,1
43305,1,0.962981,1
43310,1,0.9656404,1
43311,0,0.89815855,1
43314,0,0.8887379,1
43315,0,0.91176796,1
43317,0,0.97853756,1
43329,1,0.90276927,1
43332,0,0.9172544,1
43340,0,0.9674732,1
43345,1,0.9790645,1
43355,0,0.9384707,1
43363,1,0.88534087,1
43370,1,0.97243834,1
43376,1,0.7556083,1
43390,1,0.8449884,1
43396,1,0.6524056,1
43397,0,0.8467327,1
43406,0,0.71013385,1
43410,0,0.7291071,1
43411,1,0.7958507,1
43418,0,0.777993,1
43439,0,0.54310375,1
43440,0,0.9556936,1
43448,0,0.8407688,1
43456,1,0.7837377,1
43462,1,0.83951056,1
43467,1,0.91448206,1
43470,1,0.7018345,1
43475,1,0.9042631,1
43477,1,0.9715118,1
43478,1,0.8406272,1
43479,1,0.95385444,1
43483,1,0.6605379,1
43490,1,0.6401863,1
43492,0,0.7317705,1
43495,0,0.7784149,1
43509,1,0.9183436,1
43513,1,0.5049166,1
43519,1,0.7441023,1
43525,0,0.9479883,1
43526,1,0.9218485,1
43527,1,0.8047637,1
43536,1,0.91365,1
43538,1,0.941324,1
43573,1,0.9250753,1
43579,1,0.9589698,1
43581,1,0.6550637,1
43586,0,0.8935324,1
43590,1,0.6112454,1
43595,0,0.9744684,1
43597,1,0.85577756,1
43605,1,0.87873906,1
43612,0,0.39346698,0
43613,1,0.84039485,1
43622,0,0.6430672,1
43624,1,0.59696335,1
43629,1,0.84617114,1
43631,1,0.64224666,1
43634,0,0.059711684,0
43639,0,0.4490405,0
43653,1,0.33449203,0
43658,1,0.88459116,1
43666,0,0.56981647,1
43681,0,0.6253425,1
43687,0,0.919987,1
43689,0,0.24215741,0
43691,1,0.7907187,1
43700,1,0.8100888,1
43707,1,0.87150204,1
43708,0,0.89475363,1
43709,0,0.4506713,0
43710,1,0.8965737,1
43712,1,0.51277757,1
43718,0,0.28926438,0
43719,1,0.82392436,1
43723,0,0.63373154,1
43726,1,0.8712645,1
43743,0,0.7144385,1
43750,1,0.9234724,1
43753,0,0.41161793,0
43756,1,0.77294254,1
43761,1,0.8592237,1
43762,1,0.56546104,1
43774,0,0.6223773,1
43790,1,0.8067261,1
43792,1,0.47999766,0
43795,0,0.8272364,1
43798,0,0.19092892,0
43813,0,0.20586565,0
43819,1,0.9243291,1
43838,1,0.7273763,1
43843,1,0.94949234,1
43849,0,0.117170066,0
43854,0,0.22193521,0
43858,0,0.86661625,1
43872,0,0.24631216,0
43890,1,0.97537327,1
43891,1,0.91107416,1
43896,0,0.9715466,1
43904,1,0.7827304,1
43914,0,0.8850941,1
43918,0,0.3019663,0
43924,1,0.96461993,1
43927,0,0.43060803,0
43929,1,0.90442306,1
43930,0,0.91406924,1
43938,1,0.9429971,1
43946,1,0.7880914,1
43949,1,0.8914358,1
43960,0,0.9333308,1
43963,0,0.83115995,1
43980,0,0.9357572,1
43985,0,0.37319136,0
43989,1,0.6997043,1
44017,0,0.261697,0
44019,1,0.8461382,1
44028,0,0.9658775,1
44032,1,0.81988096,1
44043,1,0.9799053,1
44063,1,0.7307549,1
44064,0,0.8856081,1
44072,1,0.9133804,1
44073,0,0.16652025,0
44080,0,0.68886596,1
44084,0,0.67418456,1
44100,0,0.48233134,0
44124,1,0.2869856,0
44129,1,0.7027233,1
44139,0,0.70755064,1
44151,1,0.97054905,1
44154,0,0.6674321,1
44159,1,0.9574315,1
44166,0,0.22448015,0
44167,1,0.8972181,1
44176,1,0.58651036,1
44208,1,0.31743398,0
44213,1,0.47977167,0
44219,1,0.6108898,1
44230,1,0.55552715,1
44243,0,0.4449007,0
44252,1,0.8444294,1
44253,1,0.2806925,0
44255,1,0.8713261,1
44276,0,0.27817273,0
44277,0,0.24685262,0
44278,0,0.7681935,1
44284,0,0.27501816,0
44291,0,0.7862541,1
44298,1,0.63194305,1
44301,0,0.22467375,0
44310,0,0.27172703,0
44316,1,0.5884594,1
44336,1,0.7948706,1
44362,0,0.75763327,1
44367,1,0.66861475,1
44380,0,0.72674954,1
44381,0,0.7352595,1
44384,0,0.56088006,1
44391,1,0.9519138,1
44392,1,0.43190458,0
44402,0,0.41226563,0
44410,0,0.79241586,1
44411,1,0.96411127,1
44414,1,0.9135242,1
44419,1,0.79118377,1
44431,0,0.77578986,1
44432,1,0.86141676,1
44443,1,0.59799856,1
44444,1,0.7606384,1
44453,1,0.544332,1
44457,1,0.92123455,1
44472,1,0.72007585,1
44483,0,0.7785163,1
44485,0,0.66623074,1
44486,1,0.68359816,1
44489,1,0.5516992,1
44501,1,0.96573466,1
44503,1,0.8606523,1
44509,0,0.5166937,1
44522,1,0.9570988,1
44529,1,0.69395626,1
44531,1,0.9154547,1
44539,1,0.33038974,0
44540,1,0.98208,1
44545,0,0.8893054,1
44551,1,0.65493786,1
44562,0,0.59234005,1
44575,1,0.8665729,1
44586,0,0.19955872,0
44590,0,0.2586821,0
44593,0,0.13158563,0
44594,0,0.5788855,1
44595,0,0.23151727,0
44603,0,0.23491411,0
44605,0,0.20304002,0
44626,1,0.8601338,1
44627,0,0.5955166,1
44630,1,0.96535647,1
44631,1,0.7899001,1
44643,1,0.9703381,1
44647,0,0.33757964,0
44653,0,0.73168516,1
44668,0,0.76814044,1
44678,0,0.93442774,1
44699,0,0.37575275,0
44706,0,0.31418514,0
44707,1,0.7993491,1
44711,0,0.89773124,1
44725,1,0.9616017,1
44735,1,0.97068834,1
44745,1,0.9612834,1
44747,1,0.86984926,1
44756,1,0.9323111,1
44768,0,0.8693958,1
44779,1,0.9388834,1
44786,1,0.9634842,1
44791,1,0.9815104,1
44795,1,0.9559605,1
44800,1,0.96788186,1
44808,1,0.78624153,1
44820,1,0.9583665,1
44821,1,0.85505944,1
44825,0,0.7880705,1
44831,1,0.9584336,1
44840,0,0.916754,1
44841,0,0.39115688,0
44847,1,0.8811987,1
44850,1,0.95696515,1
44862,1,0.8613483,1
44866,0,0.8256721,1
44872,0,0.90134746,1
44874,0,0.5065148,1
44877,1,0.92142206,1
44879,1,0.9226715,1
44880,0,0.8584586,1
44883,0,0.82371193,1
44888,1,0.7922366,1
44890,0,0.54397166,1
44897,0,0.769654,1
44903,1,0.9653269,1
44905,0,0.48230216,0
44910,1,0.9866601,1
44912,1,0.97139084,1
44922,0,0.41156703,0
44924,0,0.34358564,0
44927,0,0.28154638,0
44940,1,0.69040895,1
44951,1,0.95083505,1
44954,0,0.8296338,1
44957,0,0.8459961,1
44961,1,0.953188,1
44967,0,0.7028567,1
44969,0,0.6737253,1
44974,0,0.7877398,1
44986,0,0.5037139,1
44991,1,0.93296134,1
44993,0,0.92452466,1
45011,1,0.96641755,1
45028,1,0.95688075,1
45029,0,0.5966336,1
45031,1,0.96500975,1
45033,0,0.78476757,1
45037,1,0.96724933,1
45049,0,0.80462766,1
45058,1,0.82214737,1
45061,0,0.7137022,1
45062,0,0.5906497,1
45067,1,0.793493,1
45073,1,0.9688569,1
45078,1,0.9695789,1
45080,0,0.86974275,1
45081,1,0.9436722,1
45085,1,0.8076462,1
45098,0,0.98336154,1
45099,1,0.9557936,1
45110,0,0.9425665,1
45118,0,0.89538926,1
45126,1,0.9852739,1
45136,0,0.28585395,0
45138,0,0.71323496,1
45147,0,0.2594407,0
45162,1,0.89490706,1
45170,0,0.5811846,1
45176,1,0.34035814,0
45187,1,0.5107332,1
45193,1,0.8725437,1
45199,0,0.41453826,0
45205,1,0.3258698,0
